,WT : APC : Tantin_13,WT : APC : Tantin_14,WT : APC : Tantin_15,WT : APC : Tantin_19,WT : APC : Tantin_6,WT : APC : Tantin_7,WT : APC : Tantin_9,WT : APC : Tantin_10,WT : APC : Tantin_11,WT : APC : K28_APC,WT : APC : K30_APC,WT : APC : K16_APC,WT : APC : S01_APC,WT : APC : K17_APC,WT : APC : K19_APC,WT : APC : K23_APC,KO : APC : S06_APC,KO : APC : S02_APC,KO : APC : N19_APC,KO : APC : N22_APC,KO : APC : M15_APC,WT : APC : K28_p1APC,WT : APC : K30_p1APC,WT : APC : K30_p2APC,WT : APC : K16_p1APC,WT : APC : K16_p2APC,WT : APC : K16_p3APC,WT : APC : S01_p1APC,KO : APC : S06_p1APC,KO : APC : S02_p1APC,KO : APC : S02_p2APC,WT : APC : K17_p1APC,WT : APC : K19_p1APC,WT : APC : K19_p2APC,WT : APC : K19_p3APC,WT : APC : K23_p1APC,WT : APC : K23_p2APC,KO : APC : N19_p1APC,KO : APC : N22_p1APC,KO : APC : M15_p1APC,KO : APC : M15_p2APC,KO : APC : L30_p1APC,KO : APC : L30_p2APC,KO : APC : L35_p1APC,KO : APC : L35_p2APC,KO : APC : L30_p3APC,KO : APC : L30_p4APC,KO : APC : L35_p5APC,WT : Norm : AR37_60,WT : Norm : AZ26_60,WT : Norm : G30_60,KO : Norm : G29_60,KO : Norm : AZ27_60,KO : Norm : AR38_60,KO : APC : L35_p3APC,KO : APC : L35_p4APC
Acly,10321.11,7929.26,7463.8,8566.05,10887.09,11445.13,9218,7407.94,9127.59,12660.97,8976.98,9294.91,6314.32,9574.85,11166.85,8052.88,8788.17,6987.56,7347.11,9136.68,9927.8,6705.56,6040.17,7572.33,6596.83,12036.49,10989.07,12187.6,9039.68,10222.28,7072.36,9906.82,7404.94,7181.87,8030.96,5590.88,5557.75,7422.25,9141.55,8220.23,6482.43,8110.13,6754.2,8393.06,8176.18,5378.02,5515.52,6578.09,7446.44,7769.05,8609.02,8105.36,6704.76,5477.23,7671.1,6137.73
Actb,331947.22,396876.66,322915.16,317004.94,370374,346217.88,308671.72,350256.28,278039.56,196904.67,242738.55,252572.58,88742.22,100776.6,177842.02,236593.56,71359.9,78230.34,238881.8,238160.64,245253.45,319915.47,337601.97,435292.16,345703.31,341990.41,327684.5,364983.47,312715.78,220505.78,313564.09,418701.22,331879.91,266077.81,377385.38,339542,89758.1,315723.91,321711.25,295725.56,294879.12,300522.38,307291.72,283580.56,262146.34,354533.31,300018.16,251019.53,313979.97,322173.81,315426.31,311106.5,326910.25,284524.31,388882.88,255828.53
Ascl2,823.25,723.25,936.61,373.66,703.6,575.02,1185.06,1122.55,838.85,285.51,224.73,189.52,738.04,471.69,191,207.41,451.96,1215.23,147.12,201.14,224.88,1282.54,934.61,585.82,656.87,854.07,902.7,1402.83,2270.02,1997.06,959.6,707.76,1011.91,942.31,785.91,566.62,649.72,950.24,1537.89,1390.86,780.36,982.49,781.61,1516.7,1758.53,591.16,728.16,1590.89,168.99,169.12,174.64,230.14,165.75,166.44,1167.58,1443.84
Atoh1,690.6,483.27,496.25,848.38,936.47,1022.87,274.77,650.14,278.7,1855.83,1924.08,1747.35,478.36,573.81,1846.29,1539.04,2195.25,360.77,1732.44,2158.03,2044.93,762.45,624.04,414.96,553.65,1310.49,1153.3,920.35,576.69,239.88,744.62,557.18,454.33,252.5,177.65,569.42,263.4,513,629.14,294.27,146.8,527.97,447.37,454.77,431.21,843.57,356.47,603.63,1520.92,1843.86,2027.95,2182.21,1718.75,1396.13,624.13,549.07
Axin2,8523.02,6191.47,6998.85,4284.2,4717.41,6026.66,12988.09,7077.25,14153.84,1137.12,923.56,706.02,4277.89,4673.15,1311.5,946.87,2855.26,4167.85,1210.01,975.03,1001.48,5839.6,6966.07,2964.38,5548.97,5138.24,5105.83,9187.33,15144.5,11629.75,9106.83,4993.88,9231.1,9883.85,6777.75,4546.95,3907.11,8729.64,8792.03,11807.04,7448.23,7740.55,4267.98,8371.63,9520.34,4491.28,8603.12,9467.06,1054.25,838.12,1200.55,1020.11,1073.66,1213.19,6483.34,10191.95
B2m,163335.42,112224.4,237954.3,169198.88,119783.06,136003.5,173913.92,169876.44,174384.58,119678.66,127106.1,155801.77,124919.73,256089.47,200468.58,224723.17,135624.7,183651.41,209100.02,191618.11,195437.55,146795.3,138087.86,86002.32,190429.14,129254.79,163457.83,33635.52,43758.54,92500.46,58501.18,82582.6,87750,176800.41,157023.61,105699.17,95754.85,206145.58,111455.68,171358.88,303944.09,229480.14,278372.34,189171.16,137903.5,152370.33,261371.47,252002.08,178633.97,140212.55,125139.46,147094.52,139390.41,168835.39,84488.51,135416.34
Bmi1,1016.95,802.69,809.19,648.62,776.22,1000.76,1046.91,742.37,1321.12,541.49,409.44,449.85,437.36,340.4,566.62,438.87,545.22,151.9,408.34,443.2,413.78,613.5,748.85,724.14,509.85,816.03,654.96,754.12,1006.45,901.71,797.59,702.12,914.55,757.49,679.71,845.75,1079.94,751.1,918.29,1029.96,654.81,690.96,485.93,816.69,980.33,567.91,670.56,789.97,333.33,315.79,305.39,380.3,303.13,407.15,693.6,920.66
Ccnd1,888.52,663.67,476.13,430.07,515.81,315.16,922.57,663.63,774.64,191.98,221.65,168.7,410.02,413.34,229.19,249.49,265.44,446.22,177.15,150.01,203.89,590.78,525.36,469.2,403.5,373.44,301.85,620.33,760.35,679.17,604.42,489.41,802.45,830.38,612.12,622.45,263.4,497.85,603.72,563.56,776.5,541.75,527.07,692.87,650.19,451.67,495.58,520.64,277.52,194.56,225.22,135.47,161.27,244.84,1192.24,521.34
Cd44,10386.38,10327.4,7618.04,8321.64,8242.94,7701.96,14374.24,8172.8,10422.74,1900.13,1659.32,1337.07,2856.48,3457.45,1999.08,1367.7,4756.37,2734.26,1258.05,1084.13,1319.31,7892.17,7546.58,7998.13,6299.68,5363,4405.31,5282.92,7779.79,9771.42,7259.29,6255.06,7658.65,8251.73,8166.12,6023.52,8850.26,5688.45,6329.5,6773.85,7940.78,4262.81,5070.15,7700.18,8651.18,4637.41,4924.3,5675.38,989.14,989.28,1191.96,964.61,815.32,1346.61,10281.91,8102.91
Cdx2,1282.24,857.31,462.72,2657.94,2135.85,984.17,222.58,1626.46,229.52,11568.15,13182.24,9632.3,24396.25,15808.95,8193.7,8738.23,8996.21,21408.91,8428.01,7820.73,8758.41,2176.28,4345.09,195.27,387.86,117.56,71.19,956.84,396.7,401.72,6548.94,199.53,749.34,200.44,156.41,4440.88,377.54,225.11,441.67,266.51,156.46,583.07,305.96,238.1,367.2,3894.58,177.15,93.17,8680.54,10003.53,10376.44,10411.62,8529.54,13288.68,134.46,146.05
Chga,248.45,241.63,500.72,265.56,478.25,458.91,170.39,393.68,176.24,1028.83,1616.23,1166.29,4223.22,1765.2,1266.93,1256.48,3687.44,3636.19,1642.37,1428.46,1172.39,282.76,84.17,230.53,384.74,397.64,373.04,287.86,264.47,219.65,202.51,331.29,191.76,166.6,92.69,198.18,158.04,339.83,498.86,230.42,154.53,280.06,331.67,380.96,471.64,252.41,255.4,563.7,1786.03,1878.28,1660.54,1555.46,2006.95,1814.28,344,447.39
Cltc,10510.6,12318.4,9685.73,8721.16,11157.52,11323.49,11261.16,9770.02,12627.79,17283.31,17486.02,14990.99,20132.03,27542.88,14311.91,11305.29,20280.93,16434.07,12148.11,11277.67,11355.05,13890.82,15151.21,16742.11,15473.93,20521.85,16952.05,22550.72,19511.91,14947.58,16447.13,19747.77,17824.96,15209.73,17801.72,15103.47,6602.57,15952.76,15633.09,17542.6,13990.54,15517.82,14248.87,15064.64,13414.72,13719.61,14493.59,15148.7,15264.97,15499.19,16401.12,15610.08,15305.98,13888.39,20792.41,13748.88
Cs,17031.3,13043.31,14599.01,19980.4,19357.89,17211.92,14375.78,15508.76,12690.64,16643.37,17350.56,14918.1,106919.81,55649.85,20875.78,16006.57,47649.79,106266.03,16537.76,17042.64,16707.24,11396.43,13316.81,13208.18,13950.62,16241.13,15163.72,19939.67,15765.27,17956.18,19238.69,14480.94,12290.43,12484.32,12914.41,11162.22,6848.41,11530.58,14514.63,12287.31,11315.28,11702.64,10466.83,13733.66,12838.65,10303.27,8816.14,11797.03,20877.32,19564.05,20949.46,21179.05,19791.75,24576.01,13906.8,11083.03
Ctnnb1,49992.73,58272.02,34435.43,45826.61,45273.58,45846.86,63629.52,41237.45,73634.11,33163.67,33180.33,31044.14,75935.89,54409.84,34067.18,29443.06,44586.48,71299.73,31937.58,29551.04,30991.75,49615.11,58378.59,52702.52,47059.89,57381.64,47718.04,67035.88,78304.76,74859.3,66022.19,53138.83,70942.85,62486.66,55813.11,47322.91,32117.3,54912.55,53714.93,66764.02,46997.62,47329.36,43525.65,54756.06,61272.48,39263.56,45947.8,46961.84,33463.25,36287.49,36914.46,33004.13,35615.89,40175.52,57821.2,54893.82
Dlat,3495.11,2888.03,3585.49,2380.63,3407.85,2427.25,4259.77,3750.09,3904.6,3514.75,4614.71,3236.45,2241.45,3496.35,3514.31,3240.39,2675.91,2401.98,4122.43,3743.31,3640.09,3567.38,3102.8,4597.1,3337.51,4467.43,4003.79,4711.24,4628.2,2676.23,3548.64,4528.94,3510.71,3823.91,4792.7,3553.27,1202.86,4112.65,4626.38,4128.16,3668.1,4290.36,3380.96,3850.09,3197.03,3494.94,3914.66,4900.29,4643.37,4265.42,4652.36,5231.11,4624.64,3895.41,4923.58,3532.89
Ephb2,1353.83,1550.76,1236.14,991.73,1422.23,1210.86,1846.67,1426.25,1326.58,915.61,1209.86,1003.84,956.72,1361.58,732.15,871.72,911.1,920.92,1113.93,1056.86,1097.42,2072.77,1959.21,2221.25,1729.75,1905.23,1603.23,2339.4,2402.26,1670.48,2103.01,2213.65,1926.46,1837.77,2303.66,1925.96,474.12,1575.79,1931.89,1990.51,1576.18,1501.28,1396.09,2171.48,1990.98,1473.48,1227,1839.86,1249.6,1225.75,1116.57,1251.88,1308.1,1350.74,2179.42,1551.07
Fabp2,3638.29,278.05,346.48,5506.24,2055.73,1338.03,213.37,6343.88,194,91334.23,65547.94,66270.26,116008.61,48248.67,59596.88,37249.46,194236.38,108421.16,36210.14,24904.28,32308.06,840.72,1924.38,805.51,578.67,816.03,862.84,5351.84,282.83,439.29,4922.61,720.94,613.64,135.36,241.37,6525.95,1009.7,114.72,149.34,149.91,106.24,192.83,151.69,107.15,384.05,2033.64,73.9,202.78,25150.15,24479.01,17307.74,18402.73,19166.07,42944.39,481.82,523.19
Gusb,3099.28,3679.14,4544.45,2375.93,3144.94,3179.2,5515.45,3718.59,4727.05,1663.84,1831.72,1412.04,1831.43,2431.4,1763.52,1743.44,961.32,1490.55,1729.44,1643.24,1574.17,6036.52,4916.89,4363.85,3453.25,3779.34,3368.77,4605.83,6461.12,6858.2,5604.92,4448,6351.73,5685.1,4825.52,4789.79,3573.47,4562.88,5249.16,6210.28,5041.46,4474,4028.87,5350.13,5366.56,3601.22,3892.92,4760.15,1748.82,1662.77,1630,1700.72,1597.79,1360.37,4551.56,3773.22
Hes1,1918.1,2045.62,2094.51,1170.34,2173.41,1481.78,3010.24,2591.54,2489.22,2771.43,2487.45,2617.9,1312.07,1731.16,2514.77,2558.04,1721.76,1243.71,2546.12,3276.25,3295.27,3380.55,3227.61,4274.35,3640.93,6255.1,4581.87,6701.97,5068.98,4141.51,3850.85,4474.35,4525.57,3954.06,4375.61,2978.27,2107.2,3764.16,5554.2,4813.87,3082.82,3955.21,2553.07,4223.91,4571.52,3127.4,3860.32,4310.75,2768.97,2547.28,3732.39,2728.99,2613.22,1942.2,6240.19,5028.5
Hopx,15372.18,11957.61,8543.47,7799.92,9570.03,7353.63,14985.2,8969.16,13002.13,6241.88,4236.05,4533.95,3621.85,4896.84,6875.83,4142.17,4605.72,3436.82,3747.12,3784.22,4299.75,9836.17,6791.92,8806.35,8711.32,9761.28,8320.83,10873.97,15313.47,12843.59,8586.53,8717.18,9180.94,11302.52,11993.33,6090.51,14197.29,9809.76,14635.37,12553.82,10654.67,11381.27,9194.15,12857.45,11902.12,6580.27,9239.99,12437.45,3165.86,2875.04,3455.63,4419.92,2907.39,2734.49,10662.89,14717.6
Krt20,17189.21,30055.38,6647.9,28953.01,25805.52,21485.88,2460.69,19402.82,1856.67,34108.81,31530.24,36127.91,17726.57,19874.25,30234.54,30230.62,22698.57,17250.55,29259.35,24556.55,27306.69,4978.68,9174.9,11673.1,10400.41,10788.23,12803.02,9442.76,2045.96,1251.41,9365.42,12513.88,7201.38,3079.43,9098.79,17171.79,3169.59,6718.77,6917.33,2234.81,4257.23,5966.1,7021.59,1440.51,1916.87,11967.15,4108.11,191.03,31497.38,35618.49,29754.12,28577.68,37461.56,38465.77,6592.03,1432.75
Ldha,38606.25,29178.21,43050.43,40912.58,39982.77,35004.4,40321.26,50879.25,38738.62,91826.5,64371.94,59847.34,86432.43,73335.84,58017.98,60906.11,90916.26,76910.67,59446.47,63145.4,60967.04,43391.76,49081.79,42662.14,36115.22,39574.14,37768.35,46865.11,52001.14,73989.39,47063.9,41199.06,42202.25,42091.61,41255.44,53340.85,101918.43,34671.82,57070.32,46833.93,35622.46,37281.8,33156.52,49498.79,60709.88,39354.34,29700.12,38239.34,44024.39,42532.96,43025.99,48837.82,48819.34,49398.23,48937.69,44834.98
Lef1,160.02,168.81,165.42,79.9,105.17,143.76,291.66,231.71,490.47,24.61,6.16,8.33,41,14.59,19.1,12.02,21.52,75.95,18.01,13.64,26.99,154.01,235.1,48.82,100.09,76.07,96.82,227.05,565.67,367.04,311.56,79.06,492.68,325.38,160.27,228.88,105.36,300.87,254.2,657.95,307.12,231.85,141.41,288.1,363.83,167.16,292.35,247.4,17.05,11.97,10.5,4.9,17.92,15.13,104.21,336.47
Lgr5,418.99,466.72,353.18,455.92,565.89,447.85,1439.88,1192.29,1582.06,236.29,200.1,168.7,328.02,248,203.73,84.17,251.09,427.23,222.18,214.78,254.87,2060.14,2806.75,1044.18,1029.09,860.98,438.54,1451.48,3500.54,2971.02,2495.58,1344,1324.63,1436.89,1413.48,1524.02,526.8,1008.68,1375.84,1984.96,523.46,780.48,606.77,1754.8,2014.57,848,684.69,2020.71,190.7,164.63,206.14,241.56,168.74,158.18,2164.85,1728.55
Lin28a,67.38,99.3,80.47,70.5,102.66,105.05,104.38,87.73,112.03,34.46,18.47,16.66,13.67,38.9,44.57,21.04,121.96,18.99,21.02,44.32,26.99,100.99,55.15,24.41,34.41,38.04,39.87,60.82,58.77,57.8,99.7,45.18,64.9,62.47,56,86.53,79.02,49.78,85.79,47.19,46.36,59.68,30.85,54.76,80.85,100.74,92.38,78.29,51.16,47.89,59.17,42.44,58.24,56.4,104.21,83.19
Lrig1,2556.06,1626.9,1797.21,2063.37,2476.39,2139.74,2666.39,2719.77,1792.46,2559.76,2056.45,2726.2,7093.36,8038.2,4717.58,2861.64,6370.52,6769.2,3275.73,3647.86,3574.13,3526.99,3752.97,2185.99,2934.01,3713.64,3385.85,6450.59,7247.18,7910.2,7022.51,4943.06,4375.11,2631.7,3506.66,4016.61,3678.83,3015.22,5728.96,4161.47,2354.61,1749.2,1684.05,4457.25,4291.9,1765.74,1045.5,3693.03,3337.95,1782.5,3582.56,2289.94,1939.75,1870.68,3375.01,3085.5
Lyz1,33677.3,40831.29,41402.99,51024.98,34784.61,38321.83,44227.97,23992.01,67497.14,703.93,1117.5,449.85,792.71,899.62,1184.17,1019.01,1327.19,1594.99,2738.28,1827.34,1538.19,70294.8,47946.89,32705.83,57929.5,23609.63,53054.52,46711.04,91752.25,122008.36,95803.98,33084.24,61216.12,110843.85,40977.38,57209.53,151604.55,60408.36,56949.58,58649.29,29290.69,60292.25,57489.12,92904.59,99741.27,58820.61,86758.3,113009.68,1172.08,498.38,265.3,326.43,698.85,938.09,57979.19,178641.09
MPC1,3964.64,3758.58,3578.78,3511.02,3550.57,3676.82,3145.33,3005.47,3381.35,11829.05,10208.39,9611.48,5644.62,8767.62,10683,9994.71,351.53,142.41,387.32,340.92,413.78,4610.08,3903.9,6986.5,5045.37,7939.03,7156.14,7512.85,664.84,713.85,601.31,6462.12,4283.65,5229.56,5814.19,4669.77,6198.69,796.56,842.03,713.47,761.05,663.41,704.47,700.02,683.87,892.28,871.61,652.17,6939.47,6906.99,7044.87,541.88,754.1,602.47,821.34,754.27
MPC2,4183.61,3507.01,3435.72,3532.17,4487.04,4124.67,3673.38,3734.34,3875.91,19350.81,12203.27,12354.34,4646.9,8582.84,17947.19,12582.81,18021.12,5164.72,11145.28,11151.53,13199.08,4923.14,4437.97,6308.46,4879.59,6811.8,6834.35,7407.44,5285.7,4525.89,4903.92,5995.29,5112.65,4557.97,4734.77,5861.63,10211.16,4863.75,6437.53,4491.84,3407.33,4760.94,4293.69,4102.48,4504.14,4139.24,3681,3700.86,7252.64,6890.52,7867.5,8621.13,7429,7068.68,5967.9,4995.22
Mmp7,5126.87,9834.2,10917.41,6288.82,8976.59,4467.47,20225.87,11589.95,26313.02,649.79,403.29,603.97,191.34,243.14,477.49,501.99,609.79,569.64,1456.21,1469.37,410.78,36357.99,36516.73,9137.24,12724.47,6587.05,10268.62,12876.86,32775.75,36527.95,44001.29,7638.59,37296.11,25223.73,8287.78,29484.01,69388.47,17355.39,19471.46,21518.06,13803.17,21034,15876.36,18545.68,34274.59,27125.92,26394.07,24318.25,201.55,257.42,337.83,259.52,218.02,193.95,8751.28,26630.7
Mrps5,1574.91,1236.31,1093.08,1102.19,1226.93,1592.37,1366.2,1156.3,1381.23,1417.71,1345.32,1272.51,806.37,948.25,1025.01,1178.32,724.58,683.57,1074.89,1039.81,974.49,1110.86,740.15,1152.66,813.27,1054.62,1039.39,1204.16,892.58,450.86,828.74,1014.59,888,611.72,895.98,848.54,913.12,878.81,889.69,816.19,811.27,922.81,748.18,626.21,532.28,872.35,829.23,598.15,1029.45,1004.24,954.33,1095.19,864.6,653.36,1161.98,615.62
Muc2,37081.88,38669.82,26571.5,74356.6,56283.37,78993.5,9566.46,46213.57,14597.85,59243.69,113514.42,96143.95,49639.88,62929.46,96083.33,84851.34,58891.46,39134.15,104922.32,141829.98,108309.23,30998.08,33622.91,21480.24,40750.84,57450.8,47282.34,46885.38,11904.76,3335.17,38125.31,37780.71,34248.58,11927.26,14812.56,52975.2,3959.79,24717.04,22032.49,9588.88,7102.47,19303.16,12940.2,5340.6,7384.5,77281.7,10236.59,2200,112907.46,146173.66,163661.02,139253.56,153422.62,119482.56,15929.34,4135.57
Myc,4202.56,4460.31,6118.13,3520.42,4031.33,2604.18,6542.4,5534.02,5314.52,2323.48,2401.25,1659.88,1845.09,3014.93,2387.44,2155.25,1183.71,2259.57,2245.87,2205.76,1910,11752.41,8687.27,5893.5,5630.3,4332.58,3220.69,5209.94,10262.85,6514.28,7838.79,4675.77,10591.13,8816.59,5532.26,6551.07,2282.8,7361.65,8385.31,8683.85,8949.08,8890.61,6430.25,7731.14,8792.67,6838.22,6321.93,6818.44,1758.12,1755.56,1823.73,1811.71,1790.43,1517.17,7064.89,6431.67
Notch1,2486.58,2275.67,2682.41,1529.9,2033.19,2211.62,2887.44,2456.57,3015.2,807.31,942.03,751.84,1995.44,3836.75,1489.76,817.61,1528.06,2354.51,975.81,975.03,908.52,1795.05,2162.38,2156.16,2083.21,2614.07,1944.94,3211.11,4694.32,3670.42,2430.15,2590.12,2964.93,3318.91,3176.47,1669.17,860.44,2658.07,2643.65,3256.44,2230.99,2368.99,1748.33,3650.09,3126.28,1598.57,2613.76,4030.47,1062.01,966.83,1291.21,1145.78,884.01,1132.03,2955.94,3209.36
Nr2e3,134.75,127.44,160.94,124.55,152.74,165.87,147.37,152.97,142.08,152.6,160.08,160.36,587.7,291.77,197.36,168.33,373.05,731.04,177.15,167.05,176.91,90.89,84.17,97.64,65.69,58.78,82.58,125.69,47.75,118.49,87.24,62.12,70.8,106.73,86.89,78.16,105.36,90.91,114.39,49.97,98.51,101,59.13,114.29,64.01,100.74,120.63,101,150.39,133.2,128.83,145.26,92.58,155.43,88.52,120.17
Nrf1,1031.69,893.72,827.08,707.37,838.82,934.41,1135.94,868.35,1151.71,1073.13,923.56,855.97,3567.18,3019.8,1362.43,1115.2,1707.41,3873.54,1282.07,1183,1007.47,1322.93,1338.07,1296.41,1188.62,1473.01,1150.45,1532.57,1766.8,1618.45,1492.36,1434.35,1596.04,1369.21,1313.07,1083.01,913.12,1179.68,1401.26,1585.19,1131.91,1078.9,917.87,1607.18,1576.62,891.17,942.26,1442.14,910.07,814.17,940.02,892.8,878.04,1090.77,1593.38,1556.62
Olfm2,391.62,427,384.48,305.51,513.31,425.74,449.77,359.94,482.27,98.45,123.14,145.79,82,72.94,133.7,90.18,121.96,94.94,138.11,153.41,140.93,345.88,357.01,197.99,231.47,269.71,239.2,206.78,440.78,361.26,295.98,246.59,362.87,299.35,252.96,281.92,447.78,298.71,298.68,369.23,218.27,238.74,164.55,276.2,387.42,389.68,358.64,313.95,260.46,251.44,249.08,220.34,238.92,220.08,299.18,384.53
Pcx,835.88,1309.13,1575.92,1724.96,2421.3,2814.28,835.07,1633.21,719.99,2308.71,2250.4,1901.47,6423.66,5494.96,2756.7,2257.45,4125.06,5667.9,2933.44,3371.71,3022.42,747.31,1158.11,1063.16,1654.68,2551.83,2093.02,2250.21,1252.55,1517.3,1685.53,1336.47,1065.01,682,577.36,803.88,965.8,1142.88,1690.41,888.37,668.33,998.56,899.87,692.87,1047.71,943.2,627.08,441.57,2910.05,2752.32,2643.5,2559.24,3424.06,2422.25,1138.45,526.88
Pdha1,7725.04,6805.49,6804.38,6140.76,6840.74,5761.27,7417.38,5619.51,6572.79,8850.87,9244.81,8061.98,9457.82,11451.89,9346.03,7761.31,8479.68,8990.79,8785.31,9341.24,9379.08,8124.44,7828.12,10298.04,8016.92,12033.03,10564.77,12309.24,9307.83,7713.67,9159.79,11218.82,8661.71,8215.28,9490.78,7703.86,3231.05,8807.57,9916.85,8517.28,8006.46,8649.58,7620.65,9100.22,8294.09,8461.14,7328.3,8449.26,10976.64,10018.5,11452.92,12089.49,10897.85,11024.61,10518.34,7868.12
Pdhb,4114.13,3430.88,3522.9,3001.05,3705.82,3317.43,4282.8,3414.9,4097.24,3908.56,3401.77,5856.44,5466.95,8043.07,8034.53,5630.1,10552.97,2686.79,5596.66,5144.5,6149.78,2183.85,2008.55,2332.45,3500.17,4419.03,4131.94,5003.16,5902.79,2554.85,2243.22,4589.18,5065.45,4636.06,4572.57,4055.69,4943.15,4409.2,5325.42,4747.24,3868.98,2047.62,1781.75,2250.05,2459.25,1732.53,1912.77,2311.18,4838.71,4419.57,2460.26,5345.36,2287.68,4768.85,2793.46,2445.85
Pdk1,1979.16,1567.32,2360.52,1734.36,1855.41,2067.86,2052.37,1763.69,1964.6,1870.59,1813.25,1797.34,2665.14,2878.78,2011.82,2101.14,1406.11,2553.88,3026.52,2955.79,2335.78,1494.61,1648.64,1678.82,1463.88,2683.23,2400.57,2396.17,1564.77,2404.56,1610.75,2302.12,1466.24,1613.9,1766.85,1808.73,2133.54,1922.12,2573.74,1951.64,1412,1705.58,1676.34,2028.62,2119,1585.29,1395.45,1729.47,2010.83,2012.98,1880.03,2301.36,2136.86,2021.98,2442.74,1710.06
Pdk2,947.47,756.35,1347.91,1250.24,1605.02,1658.71,835.07,1228.28,662.61,1452.17,1837.88,1445.37,4605.9,2304.97,961.34,967.91,3472.22,3958.99,1279.06,1281.86,1235.35,459.49,528.26,444.79,882.08,1936.35,1230.18,1516.36,1083.59,1338.12,1021.91,687.06,678.54,713.24,314.75,505.22,570.7,779.24,962.77,707.92,370.87,608.32,401.09,664.3,828.73,474.92,440.15,569.97,1635.64,1719.64,1569.87,1805.18,1633.63,1823.91,523.28,700.66
Pdk3,1048.53,710.01,762.25,712.07,908.93,873.59,953.27,893.09,916.72,2042.89,1813.25,1597.4,2241.45,2066.69,1515.23,1451.86,1901.11,2107.66,1173.98,1152.31,1178.38,1272.44,966.54,1147.24,819.52,1220.59,1062.17,1212.27,1193.78,789,1046.83,1012.71,935.21,830.38,809.08,1060.68,500.46,1045.48,946.88,985.54,832.52,1016.92,969.29,1016.69,902.85,1067.19,930.3,1039.72,1265.1,1297.59,1253.04,1447.74,1140.86,1361.74,1202.32,776.46
Pdk4,311.61,172.12,198.95,253.81,195.31,392.56,310.08,348.69,633.92,699.01,492.56,245.75,779.04,432.79,235.56,508,1556.76,1177.25,1447.2,606.84,509.73,98.46,150.93,75.94,87.58,93.36,85.43,93.25,198.35,355.48,218.09,48.94,171.11,143.17,56,198.18,359.98,196.97,139.81,277.62,148.73,169.87,71.99,145.24,235.82,110.7,163.02,97.86,379.84,291.84,228.09,153.42,197.11,1133.41,77.32,181.17
Pgam1,19564.21,14282.93,12631.91,15118.08,15662.09,15708.02,18076.79,14651.66,20935.66,11838.89,11384.38,9390.72,23726.55,18084.74,12019.97,12733.11,19047,22823.51,12979.8,14424.37,13708.81,14946.13,14948.03,13452.27,12014.43,12233.58,11236.82,14048.59,22388,23762.38,16353.66,13005.18,17414.88,16516.47,14700.57,16080.41,19904.29,13786.04,19944.9,20371.51,14253.24,13027.17,11960.62,18581.39,22150.13,12695.59,13134,18700.81,11368.88,10756.34,10892.73,11723.88,10800.79,13371.21,18180.47,18339.23
Pklr,2695.03,3111.46,2756.18,2939.95,3928.67,3516.47,3502.99,3232.68,3308.94,3480.29,3494.12,3569.68,4701.57,3802.71,3877.2,2945.81,5595.73,3921.01,2984.48,2867.15,3064.39,3158.38,3117.32,3132.53,3309.36,4028.3,3869.95,4455.81,3820.1,3693.54,3766.73,3207.53,3519.56,3009.15,3112.74,3078.75,2554.98,2781.45,3241.01,2720.64,2959.2,3769.27,3375.82,2564.35,3052.17,2525.17,2414.87,1771.75,3341.05,3214.78,3566.33,3368.8,3002.96,3368.59,2553.67,1845.02
Pou5f1,37.9,38.07,46.94,44.65,57.59,88.46,44.52,60.74,28.69,78.76,61.57,35.41,246.01,92.39,63.67,54.11,100.44,132.92,30.02,40.91,62.97,30.3,43.54,46.11,31.28,55.32,31.32,44.6,66.12,34.68,90.35,32,47.2,31.24,32.83,50.24,114.14,32.47,57.19,61.08,30.91,29.84,28.28,47.62,74.11,42.07,23.91,20.36,43.41,35.92,46.76,39.17,46.29,55.02,26.89,44.37
Prom1,3061.38,7182.84,1933.57,5391.09,3928.67,3328.49,5546.15,6019.94,5549.51,8471.82,8712.22,8209.85,15430.46,18507.8,10733.93,7848.48,11528.64,17345.49,9701.07,8502.57,7379.13,10212.35,10858.36,4485.9,4041.3,3364.41,3696.25,4970.73,6777.01,7757.02,12711.55,4999.53,10033.54,6395.74,5711.85,11044.99,4530.49,5082.37,6847.42,7384.6,5829.55,5408.28,5280.98,7133.5,8553.49,8178.85,5436.18,6854.46,7277.45,7366.45,7599.33,7287.64,7297.59,10277.71,9216.3,6196.88
Rpl19,113490.08,91783.11,98936.2,85947.2,101178.85,110592,108164.5,85113.7,113174.69,162338.06,112852.54,117389.17,105894.77,84257.69,128164.16,110624.15,129275.7,108440.16,103511.15,102058.12,112986.77,96372.28,87749.28,108654.2,76027.77,108878.17,100519.12,112579.24,116134.8,139190,97685.78,100368.95,104512.89,97984.7,86832.41,99692.4,303173.97,90904.75,122252.7,107548.68,85303.07,92333.34,83845.16,92830.78,119587.12,73019.57,77278.12,79774.76,65473.8,62296.07,70220.59,79254.95,58898.89,61326.54,103340.17,107058.94
Sdha,3099.28,3419.3,3478.19,3146.76,4036.34,3328.49,3473.83,3448.64,3198.28,5444.41,7933.36,6077.2,2309.79,4741.23,4895.84,5413.68,5645.95,2696.29,6725.6,6289.99,5948.88,4062.22,3276.96,4702.87,3722.25,6064.92,5347.88,5765.39,4113.96,2314.97,3386.63,4948.71,4112.54,3056,3813.69,3790.52,1202.86,3863.73,3812.95,3634,2941.82,4313.31,3344.96,3088.17,2678.23,4394.97,3570.14,3369.68,7843.34,8566.76,8059.32,8190.23,8265.23,6167.73,4795.84,2749.04
Slc16a3,3648.81,2782.11,2863.47,2375.93,2554.01,3328.49,4717.22,4011.04,5742.14,285.51,193.95,272.83,601.36,354.98,362.89,916.81,286.96,446.22,1059.88,1155.72,614.68,2353.01,2409.1,1101.13,1901.79,1082.28,1352.63,1041.99,3537.27,5028.77,1981.51,1366.59,2256.88,3449.07,3141.71,2263.71,4363.67,2199.19,3526.98,4308.61,3061.58,2793.67,2565.93,4295.34,4659.11,1989.36,2431.18,3900.5,244.96,273.88,192.77,337.86,358.38,495.18,3423.2,4374.05
Slc25a44,753.77,610.71,730.96,719.13,788.74,829.36,756.78,809.86,719.99,566.1,588,487.34,642.37,695.38,534.79,562.11,667.18,607.61,678.56,610.25,626.67,575.63,522.46,553.28,459.81,605.11,529.66,725.74,650.15,615.59,660.5,609.88,672.64,510.2,519.43,516.38,272.18,510.83,575.12,599.65,455.86,523.38,447.37,535.73,498.59,357.58,378.21,494.02,545.73,601.65,608.86,590.85,536.08,579.08,508.72,414.11
Sox9,6383.84,5996.18,3303.83,4434.6,3843.53,4417.71,6732.75,4078.53,8387.11,2106.88,1961.02,1936.87,2214.11,3987.49,2635.73,1689.33,4153.75,1908.29,1795.49,1854.61,1930.99,5261.44,6762.89,4586.25,5389.44,6535.18,4818.22,6061.37,8595.23,5939.15,7028.74,5118.12,8419.8,6463.42,5680.95,5236.39,2054.52,5729.57,5392.15,7032.03,4212.81,6682.31,4792.47,5721.56,6293,5904.98,6491.47,6513.89,2302.3,2140.19,2843.91,2715.93,2202.57,2211.8,8430.81,6524.11
Tbp,806.4,662.01,543.19,606.32,625.98,890.18,632.44,533.16,698.13,566.1,495.64,418.61,697.04,1162.21,974.08,682.35,530.88,968.39,603.5,531.84,551.71,542.81,539.87,526.16,359.71,446.05,373.04,470.31,617.09,456.64,573.27,468.71,702.14,465.95,455.71,513.59,491.68,519.49,536.99,602.43,453.92,523.38,362.52,535.73,454.79,421.78,411.9,536.3,434.1,465.45,491.48,510.87,433.05,441.53,582.67,441.84
Tcf7l2,2147.6,3209.11,2671.23,2467.59,3144.94,3278.73,1436.81,2080.88,1311.55,1845.98,2361.23,2238.86,3184.5,2990.62,2680.3,2540.01,1133.49,3389.35,2762.3,2597.82,2638.62,1416.35,1671.86,1906.64,2355.34,4180.44,3075.46,3235.43,2053.31,1381.47,1860,2797.18,2023.82,1535.81,2126.01,1417.96,351.2,1993.55,1861.99,1701.79,1554.93,1891.52,1447.51,1816.71,1172.36,1568.68,1418.28,1509.47,3542.6,3606.9,3528.16,3270.87,3519.63,3350.71,2046.07,1124.02
Tert,143.17,163.85,187.77,96.35,137.72,165.87,270.17,141.72,260.94,118.14,89.28,72.89,300.68,389.02,184.63,57.11,215.22,237.35,108.09,95.46,107.94,133.81,240.91,67.8,71.94,62.24,51.26,125.69,459.15,589.58,267.94,73.41,392.37,260.31,73.38,198.18,324.86,160.18,251.02,305.38,162.25,133.14,64.28,264.29,367.2,88.56,93.46,185.55,43.41,67.35,65.85,86.51,68.69,71.53,103.09,227.39
Tfam,1852.83,1751.02,2107.93,1511.1,1717.7,1758.24,2307.19,1835.68,1894.92,5089.99,4331.48,3711.3,5644.62,6691.21,4717.58,3556.01,6822.49,5696.38,3155.63,2948.97,3202.32,2749.38,2824.16,2896.58,2051.93,2783.5,2682.48,3730.07,4158.03,3121.31,3143.62,2938.35,2832.17,2621.29,2392.49,2671.23,3459.33,2344.21,3164.75,2776.17,2194.29,2398.83,2293.39,2773.88,3055.54,2288.26,2107.31,2744.91,2832.53,2749.32,2777.1,2618,2472.85,3090.74,2737.44,2689.88
Tnfrsf19,402.15,489.89,554.36,305.51,405.64,558.43,1008.53,677.13,1490.52,93.53,43.1,39.57,109.34,43.77,44.57,51.1,64.57,75.95,72.06,78.41,68.96,537.76,838.83,122.05,197.06,141.77,176.55,239.21,1472.94,1346.79,928.44,129.88,976.51,627.34,320.54,753.64,430.22,465.38,470.26,857.84,272.35,589.95,275.1,457.15,828.73,441.71,619.48,575.45,52.71,55.38,63.94,52.23,53.76,88.03,142.31,654.44
Vil1,4956.32,7651.21,6149.42,6411.02,7762.19,6690.15,4724.9,8256.04,3527.53,12134.25,15457.27,12595.93,17740.24,18707.18,12370.12,14626.84,11134.07,17573.34,15745.1,13653.89,14386.46,8513.24,7662.68,9912.91,11157.37,12122.93,12233.49,13752.61,7364.72,4251.33,7997.69,10618.35,8959.68,5843.89,9058.24,9769.39,1914.04,7863.82,8016.73,6529.54,7724.45,8254.75,8235.14,6893.02,5201.49,8781.08,6455.6,6434.03,17342.47,18109.32,17036.71,15647.62,17665.33,17859.45,12031.05,5163.45
Ywhaz,31266.51,31144.39,29562.38,27775.62,29664.07,24665.08,39180.71,35264.76,28135.54,16682.75,20733.86,16648.79,16728.86,14948.24,15336.92,15757.07,9928.83,13633.34,14634.18,15014.17,16737.23,23446.75,25066.25,31591.14,23118.62,26445,23957.26,32261.06,29929.03,31990.49,26124.11,29116.24,25572.11,24198.12,28115.1,21607.09,11036.48,23762.47,29524.94,25746.17,22568.75,22340.16,20663.69,30038.81,29046.14,18164.39,15305.43,19057.03,17328.52,16576.76,16819.12,17580.11,16212.39,18087.79,25770.89,20409.79