,GSM523282,GSM523283,GSM523284,GSM523285,GSM523286,GSM523287,GSM523288,GSM523289,GSM523290,GSM523291,GSM523292,GSM523293,GSM523294,GSM523295,GSM523296,GSM523297,GSM523298,GSM523299,GSM523300,GSM523301,GSM523302,GSM523303,GSM523304,GSM523305,GSM523306,GSM523307,GSM523308,GSM523309,GSM523310,GSM523311,GSM523312,GSM523313,GSM523314,GSM523315,GSM523316,GSM523317,GSM523318,GSM523319,GSM523320,GSM523321,GSM523322,GSM523323,GSM523324,GSM523325,GSM523326,GSM523327,GSM523328,GSM523329,GSM523330,GSM523331,GSM523332,GSM523333,GSM523334,GSM523335,GSM523336,GSM523337,GSM523338,GSM523339,GSM523340,GSM523341,GSM523342,GSM523343,GSM523344,GSM523345,GSM523346,GSM523347,GSM523348,GSM523349,GSM523350,GSM523351,GSM523352,GSM523353,GSM523354,GSM523355,GSM523356,GSM523357,GSM523358,GSM523359,GSM523360,GSM523361,GSM523362,GSM523363,GSM523364,GSM523365,GSM523366,GSM523367,GSM523368,GSM523369,GSM523370,GSM523371,GSM523372,GSM523373,GSM523374,GSM523375,GSM523376,GSM523377,GSM523378,GSM523379,GSM523380,GSM523381,GSM523382,GSM523383,GSM523384,GSM523385,GSM523386
ACACA,6.235009836,6.047374728,5.4927254505,6.223379251,5.2261996415,6.511878672,5.453520113,4.5327385485,5.5619800285,5.4700400280000006,6.02607856,4.908306287,5.985029468999999,6.227216487,5.7652560085,5.227394652,6.4253838185,6.0151873515,6.5146270600000005,6.2050316395,5.5506649725,5.383884898,5.0041253895,5.9410386829999995,7.002011709500001,6.013155404,6.1356975264999996,5.520858312,5.2765693795,6.027527715,5.454103014,6.553371863000001,5.315606192000001,6.3833498055,5.747243317500001,5.679991621,6.9419771955,6.1555205055,6.021005622500001,5.826372819,6.190943861000001,5.301601783000001,5.374528563500002,6.317953022,5.644021279499999,6.033742462999999,6.320712179,6.4073916010000005,5.4527184875,5.771753429,5.918958967,6.2501875264999995,5.971735976,5.981478352,5.951991789999999,5.7185270285000005,5.6078566775,6.2324780835,5.77360845,5.296616658,6.0071918615,5.794690925500001,5.8968807885,6.068621709,6.5037204595,6.1162446280000005,6.0643007135,5.6277574635,6.032325576,5.903951172000001,5.871307391,6.329348414499999,5.926824294499999,5.987731802,5.9856599865,5.6238511325000005,5.537168199,5.8896637715,5.43544515,5.961294072,5.7264616605,5.9596125035,5.60877359,5.709678631499999,5.788335495,6.4502298175,6.2418316664999995,5.636051078,5.779705943,5.907832727000001,6.222269869,5.9951180184999995,6.996667052000001,6.904707803000001,6.421035326,5.9643099195,6.1501854265,6.37284272,5.851861787500001,6.272136940499999,5.68025733,5.311577277,6.492323436500001,5.356772415,5.9363474155
ACACB,4.866339132,3.7996181840000003,3.6196716385,4.1568498055,6.9905438265,4.392163619,4.000235362,4.275345199,6.579829432,5.288176827,4.2811997675,3.6941961755,4.780143178,3.8883127305,4.8653843795,5.393984958,3.4454988215,4.775038584000001,4.3573667205,5.099900756,3.7503101685,4.0629371569999995,5.388269459,3.5713221490000002,4.341300664,4.5094776155,4.363035774,3.53449633,7.229037898,6.2947843615000005,4.3340755435,4.1388092279999995,5.8210416715,4.331134388000001,4.7575284525,3.9677780615,3.7499970915,3.3882829475,3.631887583,5.4113122695,4.0574788865,4.8273408700000005,6.7150666,4.681220463500001,3.3168427165,4.6770149585,4.5651072735,3.748609322,6.4843199935,4.6175372355,4.153756533,4.090104518,4.9116914355,3.8898775795,4.011767055,3.446379105,6.0653022915,3.8586998865,4.770828212,3.5649606609999998,3.5407100585,5.825667898000001,3.700331124,5.2134292030000005,4.207340252,4.73079609,4.235735699,4.9510527945,3.2687584745000002,3.5238853370000003,4.0775594005,4.0991419945,4.884232492000001,3.42972776,4.956984082,3.981733781,4.507102684,4.1043760415,5.458848952,3.863346974,4.361387540999999,4.2564939775,5.975157178,4.3484249765000005,4.271454834,4.5724725665,4.2669770305,6.0237363305,4.069264068,3.607493925,4.202685257500001,5.883248949,4.506165069,4.8994223434999995,4.743467121,6.1313002205,4.2890551385,4.2882137364999995,4.4718704250000005,3.8774751945,5.8048420535,3.6112740815000004,4.928387220499999,3.8125619445000005,3.909681869
ACAT1,9.401873855,8.269144915,9.212028249,8.125854259,10.66110581,9.005991284,6.944361009,8.802298581,10.60418648,10.09213212,9.032427074,9.276086283,8.887400713,8.465454847,9.026156452999999,9.949906713999999,9.433775208,9.91500377,7.404415801,9.143813766000001,9.452020603,8.99041198,10.31454435,9.648140161,8.718993291,8.168221217000001,8.469488137,8.185545608,9.387185372000001,9.842760424,9.17595666,8.402690856,10.33077124,9.149364416000001,8.803629394,9.2955119,8.569456553,8.757385702999999,7.879908056,9.266953164,8.40412298,8.246308211,10.35422699,9.399600413,9.149375331,9.09091188,8.992977044,8.655688162999999,10.66931089,9.290625669,7.759527202,9.298732807999999,8.072749858,8.869790015,9.060306557999999,9.21445282,10.42473136,9.036612395,9.002746248,8.271648167999999,8.492608123,9.79044656,9.321815123,9.618185699,8.682690435,8.478904765,8.425473467,9.902734313,8.89874544,8.42622467,8.523042424,9.259956111000001,8.675268973,7.460701093,9.196499081,8.723019766,10.02689207,9.071703583,10.82774179,8.458624609,8.674144355,8.21471387,9.887790907000001,9.60988073,9.137706432,9.064001088,9.477051694,9.781524243,8.644537161,8.13513702,8.421150739,10.57332872,8.382345998,9.728731482999999,8.269378075,10.32095614,8.409858117,9.065774457,9.085872676000001,8.162159146,10.02350713,8.334525722999999,9.174032561,9.156773284,7.828993189
ACAT2,9.259681053,9.024493563,7.795224068,8.898999509,7.496192418,8.789925833,8.650058617000001,7.825762619,7.21532972,7.774811259,8.125969987000001,7.23948575,7.908356161,7.780691091,8.128047197999999,8.137200384,10.41763617,8.15259628,8.211802626,7.621739286,8.717942287,7.438534937000001,8.233571165,9.065160922999999,9.13355648,7.838656132,8.189565177999999,8.653895707,6.932711958,9.482021223,9.796800802,8.65489754,7.564885108999999,7.782151925,7.69544671,8.664777389,10.04080446,8.19131457,7.567469692,7.682235153,8.191224805,9.001373344,8.146435606,8.666870739,9.585308696,7.888290339,8.385895726000001,8.511493976,8.732167327,8.975288027000001,7.7618146710000016,8.369768594,7.230108854,8.570867192,8.751251627,9.293003665,7.809282332,8.62430232,8.82346344,7.633173162,7.6208374060000015,8.467967577000001,8.798436731,8.486149764,8.588561807,8.455158175,8.557562848,9.269893046,8.576505535,9.588081012,7.73323336,8.262870883,8.363464195,7.452994216,8.108398555,10.93260156,9.647604266,9.197431016,8.464890459,8.01683237,8.002426207000001,8.211020692,7.727709175,9.02486096,7.826034109,7.768229702,9.405672378,8.292296685,8.134756895,8.952096839,9.814882557999999,7.429518695,8.666638841000001,9.871138958,8.139648595,8.710990522000001,8.628476755,9.068633697000001,9.843695011,8.827619715,8.77765423,8.165633185,8.395355526,7.834799477000001,7.228692743
ACOT12,,,,,,,,,,,,,,,,,,,,,,,,,,,,,,,,,,,,,,,,,,,,,,,,,,,,,,,,,,,,,,,,,,,,,,,,,,,,,,,,,,,,,,,,,,,,,,,,,,,,,,,,,
ACSS1,4.476088844,3.051982158,3.579657651,3.995071409,5.005085688,3.890964329,4.115555766,4.380176128,4.971684136,4.410626059,4.379596426,5.936892807,5.323383142,4.585782228999999,3.808861921,4.278188882,5.556425797999999,4.466051718,4.544870059,4.997305551,3.796250927,3.798457619,3.920313068,3.516928229,4.724617842,4.909101158,5.850206125,5.732619867,2.975678885,4.458806264,2.58598624,4.795984333,4.462865177,3.502766304,4.473509622,5.676269235,4.200241871,4.418935207,4.288844268,5.195379136000001,3.415992798,3.798990707,4.703961567,4.566945442,4.33086541,5.5533032160000015,5.074846052,4.646968759,5.183830647,4.673035418,3.422234799,4.583143078,4.44178424,4.2793463639999985,5.338286809,4.639426643,4.597110689,4.690432386,4.960453817,3.606364753,4.209372924,4.776889728,5.034740249,4.254352379,4.2365883539999984,4.532363308,4.6319521130000005,3.848740235,4.016192968,4.197996838,4.547711185,5.042569146,5.513717064,4.3485877760000005,4.899517226,3.558969174,4.294178694,4.208033491,5.000807108,4.493495208,4.62381605,3.724879779,4.712903757,4.4024879210000005,5.030089167,4.986311697,5.645878532,4.2823904960000005,5.57391047,5.311032414,4.969859434,4.997575891,4.796118764,4.938711194,5.021233463,4.7788748430000005,3.61103483,4.533920698999999,6.528008046,5.262169562,4.851800559,4.349274508,4.582168445,4.242813945,4.70985564
ACSS2,9.732124131,8.22681576,7.922835285,8.867464683,10.38810597,8.499808657,9.987803344,8.041806444,10.14104028,9.218312474,8.607877437,8.360281862999999,8.524293353,7.226249772,8.971888397999999,8.878927993,9.295939416,9.882904952,7.700434425,8.769512707999999,7.442032142,7.816008115,9.406511001,8.338510694,8.291123446,7.375064465,8.791415452,8.200378069,8.103646443999999,10.10461745,8.725241542000001,8.669971882999999,9.907498602,7.458900673,8.233865601,8.686921669,9.239465623,8.14706251,7.567005262,8.181018835,8.221302563,7.666039457,9.399123577000001,8.106673004,8.130820246,9.089135449,8.786240781,8.288906331,10.32453518,8.943583964,7.674961365,7.8061280160000015,7.79570779,6.611106502,8.790658806,8.277084926,9.300830706000001,8.145516342,8.980586238999999,6.985549653,8.183963691,9.722747616,8.349486135,8.454420315,8.42452995,8.135155842,7.903788706,8.99398445,7.387400554,7.782034475,8.259017874,8.475533515,8.077121717,7.818190769,9.571859883,8.881926678,9.127388337000001,7.977856802000001,10.14311791,8.783101017,8.536525635,8.038041397,9.439351507000001,9.545819023,8.687947541,8.011097717,7.229742318,10.14708321,9.141739108,7.4151525939999985,8.778687601,10.09616836,7.829809037,8.926041326,8.453838192000001,10.05689654,7.3603284910000015,8.475989617,9.753604465,7.583004637999999,9.517619213,8.041617829,8.824267599,8.393882622000001,8.229938993
ACYP1,5.340059266,5.669356875,6.48100058,6.510525287,5.545276333,6.65965476,7.074498654,5.3248820210000005,5.6550465270000005,5.865488752999999,6.599771096,5.354555067,6.388584633,6.78586751,6.263320341,7.115229576,6.503662674,5.776011573,5.938232731,6.452509938,7.948990733,5.950243802999999,6.86234238,6.525226711,6.835647112999999,7.495664545,6.20453816,6.953411847999999,4.588187215,6.241673316,7.330339222,6.845902845,6.024759161,7.08080823,6.4458543860000015,6.535018579,7.486985503,6.498023729,6.146812228,6.514500212000001,7.128718277999999,6.199920913,6.432785032000001,6.791263393,6.733439587,5.570116583,7.000016416,7.254619577000001,6.728059922000001,6.976027687,7.703887026,6.695522072,7.023577962,7.125782891,6.307525816,7.854643848999999,6.938931587000001,6.548793653,7.164817447000001,7.228412904,7.217752177,6.940960456,6.591259715,6.078447199,6.764965508,5.774835724,7.504612943,7.204735652999999,5.224623614,7.807784466,6.463150975,7.436333369,6.844866408,6.41295744,6.520125697,6.5607962010000005,7.235086849,7.474817912000001,6.1259210820000005,5.451137701,6.225227899,5.860951809,6.248510883,5.33037722,5.004349921,5.987915963,6.470583467999999,6.137096152000001,6.642594794,7.102789429,7.1260890639999985,5.969107485,6.729393216,6.639730638,5.265002451,6.218705696000002,5.590753032,6.961736171,7.3498582689999985,6.65784302,7.381404355,6.291400189,5.734620562000001,6.25296674,7.933020521
ACYP2,,,,,,,,,,,,,,,,,,,,,,,,,,,,,,,,,,,,,,,,,,,,,,,,,,,,,,,,,,,,,,,,,,,,,,,,,,,,,,,,,,,,,,,,,,,,,,,,,,,,,,,,,
DLAT,8.758890252666667,7.986769564333334,7.727655519333333,8.337100153666666,7.510699989999999,8.842115845666667,8.422918424666667,7.734156892000001,7.916097824333334,7.960301869666668,8.283971211,8.487139629,8.479934146333333,7.880283127666668,7.563556878,8.032774315,8.554525208,7.966476202,7.4402626493333335,8.264714605666667,8.307743191666667,7.989784398999999,8.369013740666666,8.462770625333334,8.444420810333334,8.138220248666668,8.626655264333333,7.050385591666667,7.750331243333332,8.735642958333333,7.507763340666667,8.176807276,8.208746258333333,8.824684090666667,8.122301062333333,8.128558883333334,8.573373265999999,8.010278257666668,7.750765519000001,8.557435424666666,8.721337288333332,7.7415925943333335,8.249203648333333,8.161048363333334,8.062648441666667,7.848938513,8.639036783,8.248714935666667,8.992087651333334,8.022992258333334,7.914474457666667,9.03532722,8.053735164,8.655987899333333,8.527165257333332,7.617150959,8.107630656,7.96368733,8.352071093333333,8.176232958333333,8.081421239666668,8.293750381,8.464540738666665,8.346046827,8.605396189999999,8.235755081,8.175937124,7.8563421746666675,7.867036262,8.412453583666666,7.605564704666666,8.296815031666666,8.131859726,7.757285343666669,8.568126663333334,8.339029566666667,8.118208327666666,7.759013353666667,8.626389881,8.264843833999999,8.233633568333333,8.357473623999999,7.8546924890000005,8.105153039000001,7.883200695333334,8.522521036666665,8.059328727999999,8.0046296,7.708175479666667,7.739136868666666,8.496097084333334,8.196616489,7.802523289333333,8.953770158,7.287501546000001,8.306851579333333,7.629235459333333,8.056627431666668,8.515147633333333,8.278746136666667,8.101122332666668,7.803006352,8.507128850666666,8.014167582666667,8.043293618666667
DLD,9.5766089255,8.801105886,7.9041450235,8.354847920000001,9.6786220055,9.539149476999999,9.9339175705,8.658013645,9.466561994500001,9.144589323,8.871399682,9.3795342495,9.722221365,9.561269513,9.009437781,8.991409508,9.382702673999999,9.6257036735,9.4560507775,9.220844243,9.037709971,8.9172079315,9.161394149,8.5979438605,10.215832334,9.3026489225,10.0553313725,9.8156391965,9.1229080385,9.7043047705,8.736110817,9.0752119995,9.550027895,9.537278505,8.959720197500001,9.165376131499999,9.0401076555,8.801070009,9.947004925,9.235831859000001,8.8829838185,9.1329532065,9.364111951000002,9.9097235455,9.1454985315,9.3099466745,9.558997847,8.7407894145,9.610122002499999,8.657216246,8.6678713075,9.0735470785,8.7419094925,9.257078331999999,9.370135781,8.467524226,9.2178470605,9.5743166815,9.733587074999999,8.4412744255,8.301842567,9.586263024,9.660083784,9.762491950000001,9.6187925185,9.5056538135,8.954079328,8.958383132,9.137418456499999,8.9047757995,9.243386688000001,8.90646039,9.557088989499999,9.4691030155,9.2030674515,9.041358316499998,8.7708863575,9.388491901,9.710069112,8.8760713355,8.9786380405,9.3257370625,9.251395276499998,9.024103944,8.9034326045,9.474560125,10.0981260055,9.577417604499999,9.3933726525,8.395219437,9.094054937,9.793359683,10.080197654,9.791631734,9.309493553,9.552059495,9.5789196065,9.009874703,9.786572700499999,10.0083904355,9.173055906999998,8.869675389,9.468566449499999,8.7113861415,9.00383811
GLO1,10.01950161,10.59736611,10.95649845,11.50779116,10.00105367,10.84999029,11.35310476,10.25919225,9.721769156,10.2068671,11.11213147,10.95428862,10.67686698,11.10477905,10.22549867,10.44410124,11.58193882,10.06504614,10.71327954,10.61309935,11.37904789,10.92781746,10.15954141,11.35013423,11.91194463,10.62398635,11.02871793,11.12332855,10.14413275,10.20706862,11.28985299,11.35456845,9.976723683,11.11583464,11.00347751,11.67436894,11.21612228,10.41654165,10.73802697,10.7490386,11.47371645,11.38485513,10.23182709,11.35126316,11.47557704,10.80786729,11.24061861,11.4472844,10.02685263,10.61004911,11.12533571,11.71436692,10.65336897,11.30022792,10.86443331,11.24830116,10.02049391,11.36606651,11.05259572,11.24893433,11.06510425,10.42509235,11.41406461,11.10398723,11.31173727,10.60634569,11.22890679,10.47466161,11.16790656,10.22304654,11.23102854,11.0774256,11.12222284,10.89827926,11.3324069,11.77303481,10.57161007,11.42834191,10.13840864,10.76915867,10.84341503,10.75497635,10.02961017,10.22561625,10.41413383,10.5951894,11.54604156,9.830698636000001,10.85703985,10.98484779,11.41849281,9.972597902,11.37323555,11.23229168,10.82306966,9.994098082,11.08764393,10.94447749,11.78425662,11.26558305,10.46732001,9.717611915,10.65092837,10.83487239,11.43828633
HAGH,7.173380551,6.7656122110000005,6.711577442,6.572938981,7.259181012999999,6.986893492,7.2662905260000015,7.238393525,6.984934732999999,7.19355046,7.116562497,6.952257604,6.492413533,6.243226407000001,6.519835365,7.38774969,7.5863169689999985,6.475785407999999,6.717844184,6.7899933070000005,7.562896374,5.932027141,7.55270451,7.39170244,7.116813586,6.545434584,7.347977577000001,7.296354985,6.748253386,7.444968512000001,7.749007812999999,6.878016716,7.312156733999998,6.976354046,6.25534239,7.232121507,7.30237337,7.101985936,5.782156006,7.02698262,7.082575692000001,7.438462581,7.526075627999999,7.362341783,7.264224945,6.997164939,7.029044377999999,7.333002245,7.97079553,7.730434217999999,7.9460126560000015,7.432353946,6.724876413,6.607492494,7.141076367999999,7.773601097,7.4016495089999985,6.703016961,6.961338419,7.538686396,7.953439903,7.426971722,7.240159405,7.239684348,7.161431104,6.113584516,7.431004435,7.6035426789999985,6.565164832000001,6.345689697,6.719633292,7.250438995,7.14663842,6.8118653789999986,7.49409739,7.476482526,7.653565566,8.636127146,7.278565541,7.34487544,6.8419380610000005,6.58679425,7.115098841,7.34807103,6.680304859,6.9046048189999985,7.5724732810000015,7.208438963,6.878261948,7.091801895,6.810484287,7.416317012,7.167359153,6.720633877999999,7.208927288,7.339756135,6.692714058,7.127648975,7.744748263,6.715517297000001,7.619631189,6.569589082,6.988766486,7.101818718,7.2848008910000015
HAGHL,3.513672895,3.657674377,4.153557664,3.437158703,4.011659425,3.907834038,4.146114192,3.821537574,3.435988327,3.819562049,5.924542465,4.779300652,3.903948527,4.464938461,3.5337901730000003,3.2261981060000005,3.68884159,3.532732859,3.888946144,4.40758274,3.863228661,3.696362459,3.394306565,4.877940939,3.740404826,3.720628311,3.893935828,3.760718396,3.312521807,3.344329642,4.934665442,3.647245324,3.3544975160000003,3.5310714360000004,4.013084028,5.597265022999999,4.78964442,4.236863134,4.069116147,4.294991432,4.625540695,3.701520051,4.1265506589999985,3.42132818,3.914283248,3.7756161,3.31796912,5.249015986,3.830726196,3.991166008,5.850381334,3.928034191,3.672752955,4.3187503289999984,3.511101174,4.365793186,4.085872343999998,3.906885107,3.941674347,5.215362874,5.127100872,3.702600074,4.359120085,3.49270772,4.110395701,3.0672081710000003,3.738015808,4.208122792,3.990541969,4.967100002,4.061155997,2.942776973,3.435294929,4.7589101330000005,4.141867774,4.847448054,3.526101975,3.766822541,4.369646055,3.677890317,3.503796487,3.788976002,3.528134278,3.4497703,4.155793802,3.957522423,3.239710961,3.549126397,4.026908746,4.27120339,5.06887165,3.526896858,4.3535447189999985,4.2402804960000005,4.454851063,3.437087649,3.328316522,4.481516561,5.542226371,4.235071097,3.545106413,4.404884489,3.672193253,4.668971572,4.905567004
LDHA,14.07859924,14.14256563,13.98769608,13.84317903,13.38160734,14.2344822,13.31847279,13.23657794,13.70019656,12.83596001,13.88383553,13.24352525,13.44790381,13.38614952,13.33506249,12.7118165,14.15169417,13.09207767,14.19974118,13.41488144,13.67375953,13.39083971,13.00113886,14.18847007,14.26986149,13.71785905,13.78951776,13.76334648,13.1034108,13.70539306,13.39290792,13.85292617,13.37640317,13.41046288,13.28588261,14.07636819,14.35122526,13.78486385,13.58805989,13.71261228,13.49677966,14.11534862,13.19263819,14.02086224,13.57456146,13.99516489,13.29791932,14.45812411,13.85508277,13.74295432,13.69980134,13.47990175,13.77989888,13.641910199999998,13.67926097,14.28742901,13.2620812,14.00880061,13.40270646,13.72044711,13.64875329,13.31397567,14.418389499999998,13.61574113,13.82318023,13.58745935,13.47638359,12.76005344,14.21896226,14.1318337,13.36900405,13.58506671,13.54272343,13.42672091,13.17750255,13.99173845,12.9930726,13.98840187,13.69049896,13.72648562,13.75093355,14.09617423,12.85760409,14.34379291,13.06743729,13.88581002,14.31319364,13.48770409,13.77155615,13.78184976,13.85812119,13.246614,13.8363823,14.00689446,13.75209798,13.36001479,14.11742421,13.88168216,14.10864009,14.13225985,12.77331589,13.37684176,13.80908262,13.26719517,13.81425134
LDHAL6A,,,,,,,,,,,,,,,,,,,,,,,,,,,,,,,,,,,,,,,,,,,,,,,,,,,,,,,,,,,,,,,,,,,,,,,,,,,,,,,,,,,,,,,,,,,,,,,,,,,,,,,,,
LDHAL6B,,,,,,,,,,,,,,,,,,,,,,,,,,,,,,,,,,,,,,,,,,,,,,,,,,,,,,,,,,,,,,,,,,,,,,,,,,,,,,,,,,,,,,,,,,,,,,,,,,,,,,,,,
LDHB,12.33551759,11.85909542,12.558935275,12.8948688,11.226351545,12.63975817,11.548338735000002,11.48736002,11.160562075,11.351965615000001,12.509650480000001,12.796669965,12.473019260000001,12.31775949,10.88551476,11.447409505,12.987577609999999,11.237791735,12.558108390000001,12.28136016,12.5343695,11.705608269999999,11.59919128,12.458591304999999,13.73509974,11.111418995,12.186594835000001,12.278888765000001,11.967314565,12.002216775,10.768688189999999,12.874469665,10.831765525,12.845302915,12.271493185,12.203334605,12.397221895000001,12.098017755,11.997621899999999,12.463403535,12.334545644999999,11.517953715,11.620179165,12.898719475,12.091401605,11.656538009999998,12.69978909,12.25336379,11.24475449,11.483500074999998,12.194197599999999,13.254321315,11.930363015000001,12.761183985,12.809170495,12.366229905,11.518203329999999,12.5268681,12.306877985,12.221375495,12.48457948,12.10228605,13.103099284999999,13.303062525,12.89023581,12.09553382,11.612416105000001,11.25897383,12.900838104999998,13.04761725,13.004415784999999,11.82156704,12.665198010000001,11.31471249,11.546756365,12.492875215,11.299435379999998,10.562349501,11.063157035,11.696182910000001,11.567118765,12.823115565,11.610914775,10.824085435,12.501971435,12.40335507,13.013378255,11.16305587,11.038293625000001,12.541738465,13.051369815000001,11.03516023,12.96074187,12.517025605,12.257431945,11.39599819,12.797060915,13.381058825,12.201627055,12.580252415,11.871521395,11.96192182,12.46706005,12.223146365000002,12.270196845000001
LDHC,,,,,,,,,,,,,,,,,,,,,,,,,,,,,,,,,,,,,,,,,,,,,,,,,,,,,,,,,,,,,,,,,,,,,,,,,,,,,,,,,,,,,,,,,,,,,,,,,,,,,,,,,
LDHD,4.447744602,3.4664513460000004,3.609271685,3.143877626,5.987414226,2.781326355,3.423083138,3.683820835,6.989065755,5.941626123,3.662505619,5.132782375,3.763790411,3.43415164,4.583191724,5.097392254,2.601687353,5.217882285,2.643614857,4.613600116000001,3.677883991,2.913258281,6.657825142,3.75954998,3.210517938,3.8594602,3.796432744,3.283166452,3.571717668,6.600590341,3.785434002,3.32256153,6.33250408,3.805937049,3.002489295,2.619301343,2.585286725,3.765873952,3.152020303,4.749584385,3.5259601430000003,2.53126829,5.973963295,2.625580641,3.896954134,4.566395203,3.759968002,4.595340122,6.97826744,5.333443811,3.263570502,3.720975005,4.12122676,2.70649032,4.718749734,3.197302764,6.339532577999999,2.618883375,4.257362409,3.479948299,3.311316512,5.994657442,2.561779245,3.594957191,3.561069622,3.4779298730000003,5.234586447,6.599384937999999,3.358698043,3.5655133880000003,3.331274345,3.996810479,3.701775367,2.645669709,5.387668017,3.239561952,6.731971511,3.430369882,7.107262684,3.918755165,4.0682344860000015,3.455532616,5.2835301910000005,5.64312388,4.526588619,3.448903375,3.10476303,5.636881122999999,3.416098955,3.624385228,3.279901652,7.103767563,3.405895712,5.081498224,4.476329123999999,6.914589,2.601809997,2.611510392,2.775453634,3.354332642,6.707095819,4.877009593,5.23370809,3.846952486,3.527478785
ME1,8.4305569275,8.515740624500001,8.867178266,8.68175012,4.845614757,9.199072982499999,7.4957536365,7.8694542599999995,6.2134266255,7.496936735,8.472155101999999,8.767291832000002,7.973642605,9.1296978705,7.802610810999999,7.2466577235,7.918033821,7.721647604000001,8.7056888105,8.093394299,7.664900223,8.538605190999998,7.036955370499999,8.565100761,8.9978036615,9.1585633035,9.589920497000001,6.5386994245,7.992451557500001,7.895093845,9.341859877000001,7.954919525999999,5.704252339,8.763822835,8.441430511,9.0996593195,9.9650773905,9.1941111205,8.409824814,9.757844710499999,9.249928171499999,8.3024715585,6.97394777,7.460465212000001,8.017860430999999,9.9390138095,8.6142268035,10.2998985975,5.621283957,8.011223381,8.5355279905,8.066454636,9.8813613945,7.9038549755,7.8892117345,7.5802076925,7.609787139,7.291039523,9.2469531205,7.2653639115,9.4775791615,7.288698835499999,9.3714980865,7.7518452115,8.915763814,8.730000239999999,8.5057714005,7.8157630655000006,9.172217519499998,8.5850368425,8.552613722,9.2512563125,8.874754294999999,10.4780288975,9.4288660925,8.0507941515,7.942078202499999,10.540767059499998,7.302693696,8.3574514815,9.1478042065,6.8185614135,7.120697946,8.523143438,7.680857659000001,8.742396145499999,7.5948187485,6.6032053085,8.754377811,6.2759479774999996,8.2647539845,6.5723626195,8.8859411565,8.3785581695,9.546478977,7.362153278500001,7.9760883975,8.8650007635,7.690083649,9.2116312095,6.573234148,9.45177348,8.87591782,7.7894173975,8.7907883845
ME2,8.951461900666667,7.6493625256666675,7.295567652,7.651397169,8.349310892,9.326693181333333,9.481118190333333,8.331148161,8.677668758666668,8.629496281,8.481634197666667,7.808084454333334,8.748429959000001,8.557665329333332,7.517255210999999,8.352703456666665,8.55729164,8.248853309666666,8.044043085666667,9.094096104999998,9.041909290666666,7.660240893,8.793973121999999,8.233215720666667,8.934508782666667,8.590215822666666,8.987732289666667,7.381668660333333,8.435828852333335,9.228259973,8.436602047333334,7.7922027253333335,8.721461999,9.158346469666666,7.667037404333333,7.847567851000001,8.594841080333333,8.76906291,8.218525339666668,9.037777958333335,8.398527732,7.767131885666667,8.865395206666667,8.114320719,8.401174945666666,8.27291983,9.067739380666666,8.919311343666667,9.505564776999998,8.500161428333334,7.475389935333333,9.253572424,8.554098179999999,8.661653688666666,8.640389008,7.983336902666667,8.368228819,7.315030909666667,8.850445611666666,8.466520311,8.471410247333333,8.558678738333333,8.198692476,9.240510720666666,8.987348386333332,8.546684586,8.357065315666667,8.300687764666668,7.9744183343333335,8.526424969666666,8.335395373666666,8.758322887333334,8.556567383333332,7.737058877,9.479919240333334,8.415914178333333,8.266984942666667,7.720354980333333,9.398274401666667,8.837038122000001,8.571978184666667,7.315781433666667,8.797940434666666,8.513545137666666,8.23577036,9.153769998333333,8.314239093,8.853308022,7.738689825666666,6.694449397666667,8.820331828,8.828646686,8.521301466333334,9.05943912,8.542839969333334,8.583559035333332,8.068230134333334,9.272708524666667,8.234906353666666,8.487510502,8.597859941000001,8.340798533333333,8.985821900666666,8.611668208333334,8.407111274666667
ME3,5.633976428,6.725571512,5.306791732,5.531204653,6.1783786639999985,7.27507795,7.894816927999999,5.23032414,6.447867081,6.269283164,6.379570489,7.601285809,7.098095421,7.978042224,6.268353512000001,6.563388196,5.7824800220000006,6.653408456,6.043646226,6.951346628,8.146688888,3.61673392,6.743511102,6.414709866,6.636940036,6.694019411,7.421138208999999,6.525711045,6.308488674,6.60534073,5.003599455,6.357060064,6.402078242000001,7.77595209,5.672742432000001,5.985612156,4.81387976,7.440425267,6.983865837000001,6.803709638,7.272889056,5.59111735,6.368433224,5.954673132000001,7.399007683,6.48264461,7.0307468439999985,6.298071627000001,6.860155624,5.718220344,5.852882974,7.175305783,7.203677765,7.538943624,7.405902151,5.970305134,6.068541614,6.8328846410000015,7.298703199,7.442388427999999,7.575046417999999,5.98621926,5.814508786,6.15245108,8.042719229,7.228951952999999,7.082639005,5.083436437,6.6845061989999985,5.693027156,6.188235316,6.787182962,7.490277572999999,6.389091528,7.863948785,6.011595634,5.840365802999999,5.845244997999999,6.343908254,7.155336588,7.429937874,6.742086179,6.732237883,5.494692425,6.201728277000001,6.837291292000001,5.411421236,6.140657234,6.120729552,7.369744748,8.292636598,6.326642665,5.970428799,6.995681166000002,6.950340617999999,6.109934882999999,5.712224237,7.00576987,6.793765442000001,7.217680195,6.1983462189999985,7.290297367000001,6.768988912,7.511340626,7.070420529
PC,,,,,,,,,,,,,,,,,,,,,,,,,,,,,,,,,,,,,,,,,,,,,,,,,,,,,,,,,,,,,,,,,,,,,,,,,,,,,,,,,,,,,,,,,,,,,,,,,,,,,,,,,
PCK1,8.356993598999999,7.409556242000001,5.276342561,9.544835886,12.55940983,7.221057492000001,8.118396108999999,9.091144753,13.00603375,12.4324095,9.634028488,8.144090907,8.889189217,4.475187781,11.5223661,12.126743,7.280277872,12.97496888,6.537034979,8.505152619,5.846427246,10.74363061,12.47221468,11.4493704,5.738833839,3.898728718,10.47744315,7.7634681310000015,9.347805522,11.10413989,9.333984561,3.476909222,12.54963604,5.48096055,10.87624406,6.0982352,3.014607892,6.605078754,5.436464326,7.977199486,4.773822885,7.113031607999999,11.95208592,7.296195041,8.052062835,9.443662487000001,10.14894357,8.765727903,12.37114692,11.08702526,7.391638144,8.676727773,8.492628502999999,5.900332651,9.985806822999999,6.021900392999999,13.21523246,9.271181161,8.716648043,6.80369684,8.142860745,13.41981794,6.342980135,10.04073835,5.608003192999999,8.941522559,8.166330976,12.64899344,9.973041131,8.269768722,7.177626213,10.30619926,8.017845335,8.698590369,8.927589946,8.727070077,11.76846404,7.136655341,12.60011892,7.349034958,7.566886056,6.471864543,11.65132248,11.54888297,11.01378012,7.75830635,7.211666972000001,11.79392154,9.664956546,6.036558182,7.5235943060000015,13.03626691,8.088349556,9.225594409,7.283033209,12.22746237,5.5615657810000005,9.438520313,9.301101394,7.102344494,12.53568689,8.856280423,9.672661956,9.154487327,9.047093423
PCK2,8.492880888,8.002606343,8.21105006,8.169159055,9.614379952,8.470198884,8.694017767,7.927212696000002,9.369233338999999,9.035305833999999,8.23885209,8.711957841,8.934241604,8.990762907,8.31054231,8.451366761000001,8.204938639,9.385850718,7.895821477999999,8.837869185,8.65580025,7.564555645,9.08986801,8.909634979,8.277954204,8.599123423,9.211138864,8.717084916000001,7.357230577999999,9.439518716,7.884729257,8.353216725,9.463424247999999,8.956519373999999,7.681331929,7.944628067000001,8.037355964,8.573720982000001,8.060680944,9.12712362,8.405610677,7.417610753,8.812869134,8.147271114,9.068131956,9.09950703,9.039410767,7.848992387999999,9.309341267999999,8.509956567,8.327098576000001,9.121047557,7.8364197839999985,8.555740785,9.275344504,7.669175944,9.135254492,8.390809125,9.195206832,8.23431629,8.365907044,9.165079715,7.831019062,8.344318261,9.248664792000001,8.854478273,8.708505982,9.072059737,8.120610265,8.225116494,9.380448563,8.881853948,9.131322427,8.966527872999999,9.105775399,7.707764057,9.01661809,7.512780033999999,9.053881865,8.748604007,9.539072759,7.8646609010000015,8.708342929,8.739287938,8.627579543,8.738777469,7.960616487999999,8.738130769,8.601644813,7.9009180689999985,8.919181901,9.449824207999999,8.657560108,9.466019856,8.442261412999999,9.495691352,8.152331027,8.881666022000001,8.824674196,8.362692044,8.955754127,8.087784512,9.279251411,8.616094718,8.408239306
PDHA1,9.075838196333335,7.890601710333333,9.057965902,8.159670526000001,9.587889340666667,9.710237167666667,9.379162204666669,8.254529228,9.218506652,8.937808002333334,9.580966425,9.428978899,9.519422766,8.3859533,8.183718356666667,9.053940594333334,10.269998095666667,9.232157275333334,8.765857269,9.234502979333334,9.336060245333334,8.094325982666668,8.972316643333334,8.775326931333332,9.773829389333335,8.787276093666668,9.487038860666667,8.973518060000002,8.147389548,9.652589460333333,7.990532684000001,9.320218106666667,9.297649504999999,9.687453015333332,8.627579454333334,8.888493140666666,8.677841376666668,8.810736077,8.910001625333335,9.587747176999999,9.515520772,8.522386158666668,9.289374145333333,10.215597256,8.770314663,8.644687566,10.122355945999999,8.781911536,9.927413434,8.975308187666666,8.649397332999998,9.751035907666667,9.031313915666667,8.989430066999999,9.605566172666668,8.982113075333332,9.136227349,7.813323264333332,9.010785177666667,8.789067214666668,8.609585960999999,9.303406970333333,9.322417742,9.984016101333333,9.535143501333335,9.450825183666668,9.040993641333333,8.584519616333333,8.506859465,8.690570537666668,9.251483516666667,8.894943058333332,9.363004182666666,8.277905378,9.638493852000002,8.724641947333334,8.820313176666666,8.833895161666666,9.350897692333334,8.607909590333334,8.639885895333334,9.028083715333333,9.012026542000001,8.565822766333334,8.291147685,9.440813840333334,9.457329924333335,9.203901179666667,8.978708555333334,8.496681852666667,9.093969229333334,9.432861618666665,9.276510958666668,9.828483034333333,8.914117469666666,9.223330556333334,8.786542058,9.028523497333333,9.881796198666667,9.005121720333333,9.160720072333334,8.301196715666665,9.524794283,9.008697579666666,8.837835242666667
PDHA2,,,,,,,,,,,,,,,,,,,,,,,,,,,,,,,,,,,,,,,,,,,,,,,,,,,,,,,,,,,,,,,,,,,,,,,,,,,,,,,,,,,,,,,,,,,,,,,,,,,,,,,,,
PDHB,9.45611599,8.833405508,9.5358782265,9.8036213935,9.000994679,9.793333048000001,10.072684392,9.219626329,9.00885251,9.3007744925,9.490500667,9.580596936000001,9.546569147499998,9.4129067785,9.405863879,9.492371452499999,10.1542134895,8.9662162065,9.2906897035,9.358000648,9.920307314999999,9.3138206025,9.6452860345,9.644352807,9.656468608,8.897339949500001,9.4318343455,9.413769233,9.093809924,9.517783398999999,9.358924413499999,9.631809748999999,9.059838316,9.4870189295,9.249491024,9.796257636,9.372410724,9.328598255500001,8.3604731485,9.526876357999999,9.213985832999999,9.114951132,9.5489005885,9.5965275155,9.760371051,9.370893043,9.820211856499999,9.4062205765,9.4905027145,9.3791195615,8.9420044395,10.1387048395,9.557983633500001,9.6824966575,9.799462745500001,10.052518874,9.131836918000001,9.4370425185,9.522455291499998,9.389081296499999,9.6292741175,9.6067903125,9.628686507000001,9.316927807999999,9.543730228000001,9.3778391885,9.337177815499999,9.374278881999999,9.221603718499999,8.645467760999999,9.1499454135,9.6231301255,9.7999722675,9.205005892500001,9.7631821395,9.779139521000001,9.720599786000001,9.7397088255,9.546091988,9.329346149500001,9.539332481999999,9.3223214225,9.058432301,9.340870125999999,9.4244500435,9.370701263499999,9.6216781775,9.001867524000001,9.065039326,9.765475493,9.9106108185,9.136912709,10.1687868545,9.934345714500001,9.1783057205,9.7313400295,9.1566326125,9.363913168,9.754408016,9.124201752000001,9.540868067,8.452387961,9.6674697485,9.394929508,9.3793460595
PKLR,,,,,,,,,,,,,,,,,,,,,,,,,,,,,,,,,,,,,,,,,,,,,,,,,,,,,,,,,,,,,,,,,,,,,,,,,,,,,,,,,,,,,,,,,,,,,,,,,,,,,,,,,
PKM2,,,,,,,,,,,,,,,,,,,,,,,,,,,,,,,,,,,,,,,,,,,,,,,,,,,,,,,,,,,,,,,,,,,,,,,,,,,,,,,,,,,,,,,,,,,,,,,,,,,,,,,,,
PDK1,8.103212901000001,9.43755378,8.875876626,8.091544073,8.130927007999999,8.228617105,8.097712438,9.190078466000001,8.533288579,8.361146426,8.299007819,8.071546487,8.255896334,7.01039233,8.131202813,8.724355462,8.984391409,8.233257703,8.317817115,8.538812395,9.003881169,8.112651531000001,8.549420896,8.766263386,8.985550153,9.11906539,8.525306096,8.675731654,8.750312199,8.429688101,8.44436816,5.884604566,8.197061927,7.93577143,8.227373838,7.806175512999999,7.949890887,8.597221463,8.628554957,8.561294259,7.61829495,8.257801015,8.376653829,7.475509907,9.02691315,8.378139228,7.797772915,9.469970147,8.566989784,8.749988625,8.643414276,8.082672212,8.321718264,8.044161046000001,8.41442222,9.352572692,8.60736029,8.3004466,8.059109708,8.461391731,8.425080345,7.896545112,7.503037956,8.45886602,8.099701915,8.834409999,8.677347636,8.886345723,8.891544525,8.923313656,7.499993586,7.708348602,8.841838455,6.643463369,8.109161738,8.816189212000001,8.595276851,6.749581323999998,8.682435032,8.560297077000001,8.259678572999999,8.268554767000001,8.268428478999999,9.101682361,8.554852111,8.819846913,9.473720327,8.492211145,7.784155394,7.913249277999999,9.503609503,8.240678832999999,8.799218977,8.953202237000001,8.434312766,8.19049833,7.716791494,8.025664784,8.588448541,9.827537418,8.646104344,8.330979422,8.689422677,8.732814452000001,8.355364299
PDK2,5.10285373,4.427578519,4.651169456,5.872883582,6.142499392,4.603859744,5.712253808,5.086003159,6.279462617,6.452140817999999,6.290059273,6.049963769,5.632483037,5.416489905,5.0807238560000005,6.511170438,4.965824558,6.031629072,4.174574723,5.764766657999999,4.851601823999999,4.540230182,6.534928693,5.460848591,6.120860603,5.188174167,5.675379,5.976789364,5.978565915,5.958565452,5.358557621,5.444712134,6.805985864,5.222332388,4.809533783,4.989443872,4.667570105,5.052884979,4.915349817,5.528689271,5.29049116,4.857766758,6.53958133,5.206005613,5.391637025,5.764451017000001,5.718514579,4.99278478,6.968209984,4.915161254,4.221487427,4.839910969,5.373639175,5.097995321,6.051511135,3.790879427,6.073448774,5.565658227,5.731963666,5.461962736,6.081515215,6.118961723,4.65109308,4.692413001,5.469183472,5.483950892999999,5.369994754,5.66248946,4.223190972,4.462000952,5.903931853,5.8749130539999985,5.8206012560000016,5.61524773,7.076661505,4.626543793,5.99063018,5.764014626,6.812986427,6.298001529,5.4155997860000005,4.710801996,6.357152731,6.243822366,6.33423727,5.034412357,5.480900029,5.096737028,5.973837992000001,6.417255806,5.34008394,6.501506637,4.785065874,5.786333805,6.065036348,6.740696377999999,4.702448021,4.361870999,4.982602917,5.471967229,6.125972853,5.091167665,5.567500109,6.069218864,5.995143454
PDK3,5.261424817,5.6935718702,4.848777599,5.8805671406,5.0599467112,5.689144122,4.9742325906,5.163030022,5.241980279400001,4.9794873638,6.089829954600001,5.1418323184000005,5.7117899952,5.358303992,4.5279283848,4.5416144657999995,6.3485428798,5.3571394494,5.9853584286,6.0361131032,4.9557785518,5.196556446000001,4.2342575554,5.702816132200001,6.1885848174,5.8838800102,5.750565321,4.590126084,6.124191292600001,5.746321765999999,4.9450699454,5.693799053599999,5.4610007848,6.0579931942,4.956758862399999,5.5122063604000004,5.696347683800001,5.310297433800001,5.0819389915999995,6.3883939538,5.5454089688,6.271006963,5.2052679126,6.0623044238,4.1659552508,6.0572930078,5.416992807,5.546694331,5.770265155200001,4.211829035599999,5.386250555799999,4.9741492406,5.1255359356,4.773896363,5.359139837400001,5.5229721854000005,4.890096873399999,5.032367701199999,5.39083658,5.047915178599999,5.0885964816,5.5726497660000005,6.2013506118,5.960404906000001,5.3177267534,5.745944142400001,5.165179497,4.3817276108000005,5.9828213742,4.721546030600001,5.9769901888,5.6427783648,5.4406933576,5.5680724476000005,4.9654430076,4.9679466214,4.6513034616,5.8004230508,5.7985327274,5.3645440662,5.720377952000001,5.8769552786,5.0678868908,4.882037395399999,5.1572283192,5.6326258826,4.923262973,5.032449343400001,5.039781766,4.7989353563999995,6.0239612868000005,4.920849573,5.869438856,6.4140983712,6.245953899599999,4.9599694102,5.7778478598000005,5.375228688,6.266420957399999,5.961573437,4.4522805552,5.4361354102,5.4686844252,5.387041465,5.9124708662000005
PDK4,8.403163305,5.047335803,5.367525885,7.106711069,8.841476578,6.893892912999999,6.863523132,8.366519207,8.56939618,9.243696077000001,7.428907802,7.745594118,8.385226518,7.130487915,7.98072545,8.889308056,6.96378317,8.827044021,6.031653414,7.819925389,6.136341384,8.49760172,9.218800739,6.8643809870000005,5.51139834,6.882594251,6.963758192,7.836229253,10.65502761,9.384349041,7.629824276,4.157102517,9.223601919,7.484554488,8.226291078,5.696405521,3.29545551,6.139599321,7.557144419,8.114211334,6.731373994,7.865720407,9.306965147,6.340568235,6.464199615,6.213101784,6.656031175,4.918740281,9.2069717,8.038753808,7.179353199,5.306148812,6.906346022999999,6.43716239,7.259140726,6.398135333,9.222343699,7.196323314,6.901235511,5.582611262,5.835550033,9.480953266,7.902486082999999,7.724058597999999,6.925003403,7.05117449,5.781683028,8.635661511,7.13234016,8.289181188999999,8.209531027999999,8.31782641,6.765937981,7.29267811,7.514395553,6.327884672000001,7.826093842000001,5.840770537999999,9.207721142999999,7.45806672,7.325474112,5.506616736000002,9.292188394,8.197770731,9.28913414,7.042923064,6.546351333,8.943588347,7.254380761,5.572937285,6.349311951000002,8.96124776,5.160325198,7.448858242999999,8.207319327999999,8.493344247000001,5.751452215,4.359276771,6.268766825,6.528534568,8.876896449,7.173624589,6.249678004,6.520148121,7.232485082
MPC2,9.5876082,8.7158642995,8.783273263,8.3858169365,9.282859033500001,8.8131400075,9.296900676,9.122989933500001,9.442281951999998,9.454282231,8.0631256805,9.090274519000001,9.112928666499998,8.167737582,9.869189581,9.792766317,8.96451971,9.5540253295,8.407453279999999,8.850743769,9.575791239,9.520183135,9.552204766500001,9.4534347705,9.022786163500001,8.296752864,9.1445126755,9.625800281499998,8.332581146999999,9.893034702,10.2837317585,9.8503200115,9.6906825145,8.813528424,9.1664232745,9.5599936395,8.972273904,9.4604359265,7.890836801000001,8.8363109245,8.9095774,8.592385703000001,9.830285493,10.0370059755,10.565510653,8.9772770825,9.237028155500001,9.913943883,9.7218824025,9.824998556,8.1982195915,9.412951313499999,9.201285885499999,9.277132727,9.660867601,9.9787338985,9.727329702999999,9.120017374,9.5985276555,9.456545075500001,9.2377233175,9.561345808999999,9.145043455,9.3527899225,9.244967478,8.8166581505,9.8850050625,9.563963792,8.974468586,8.2556038055,9.497447193500001,8.921450715999999,9.024504606,8.1462256345,9.6526921775,10.063453289,10.1110160415,9.292766990499999,9.714397283,9.422464694999999,8.971942293000001,9.2897563545,9.392147266999999,9.923888797,9.446068811,8.846949191,9.830259757499999,9.357854384,7.981815414000001,9.577319208999999,9.195383097,9.586156359,8.840654715000001,9.399090254,8.977343046,9.832369645,9.472616717000001,8.938202422,10.238529298,8.6178994625,9.6673438055,8.1993092345,9.263413836000002,9.3326831535,8.7850679235
MPC1,10.15151826,9.392484477,8.350130107,7.8923381039999985,9.515976744,9.532359227,8.000315453999999,9.352234714,10.10368773,9.863952906,9.367573343,9.749488567,8.990636442000001,9.09770674,10.02572378,9.917199417,9.341404608,10.30602154,8.430177397000001,8.985928722,9.622948135,9.277671386,10.03548224,9.032103936,8.388991384,8.56605951,9.291199713,9.059030559,8.874261164,10.22792083,10.51999404,8.985666654,9.857077872,9.018702839,8.924030531,9.730061766,9.046120483,9.110374056,8.23925615,8.717592199999999,9.611242996,8.982676216,9.986451077,8.655505352999999,9.651278292,9.528492086,9.075444258,9.941875323,10.17267624,10.31530258,9.076744964,9.567652175,9.333221013,9.359191018999999,8.9354543,9.894490626,10.01324137,8.970435918,9.527553337,9.644501769,9.374288058,10.2856984,8.227774722000001,9.595130595,9.014221032,9.147114334,10.2055368,10.39816721,9.172785484,8.980482548,9.003888465,9.523872932,8.825525336,8.993714222000001,9.73820504,9.704585352,10.39424837,9.457752532999999,10.19238632,9.17651844,8.954569599,8.315548185,9.946440341,10.0889074,8.950154006,9.229853623,9.187477788999999,9.720933851,9.162081029,8.941519363,9.619673915,9.965885776,8.255058049,9.325610379,9.406950533,10.12546059,8.463813458999999,8.954132792000001,9.434355892000001,8.396898697000001,10.29713266,9.390210049,9.387103682000001,9.433913111,8.354989247
SLC16A1,7.010438275,8.07617088875,5.874744437,7.53490940325,7.66364516525,6.65323224575,6.9912530055,6.398169132,8.76041155275,7.64737460125,8.092933383,8.04720702625,7.057773610500001,5.980482337750001,5.8078398597500005,5.80359404375,7.002149619500001,8.23251096925,5.633886760749999,7.2282373015,5.799308544750001,6.30928147875,7.4459137147500005,7.5764921505,7.2582178295,6.584918868,7.8411981297499995,5.34157021575,6.879710088000001,8.7792910535,5.99464063475,6.706169624499999,8.6731422915,6.4868879667499995,5.6544681707499995,7.11007192875,7.802111117250001,7.03679844875,5.21968239425,8.332740535500001,7.26392588325,6.93777457,7.71909293175,7.718109667249999,5.47494352125,7.0480272285,6.023562734249999,7.11389487925,9.349582754250001,6.8568112135,6.83690310775,6.088236798499999,5.79585383175,4.9494319309999995,6.23022241575,6.58398403875,6.848950404,5.93489281275,6.68124246925,5.45132812075,7.4805917685,7.06260803325,8.376805206,7.379287597249999,6.3474295505,6.774063540749999,6.0966049235,5.17017760825,7.03201748225,7.670438229999999,6.7879578135,7.3255337185,7.087736484500001,7.51685278325,7.915028262,5.44031081175,6.642700023250001,5.9983368825,9.288899243,6.91288379925,7.617658522,4.6545302435,6.82385831725,5.180960173500001,7.2397094405,6.95939302275,6.39179254275,7.47157727875,6.69511153575,3.18983232975,6.1922150905,8.853995510999999,7.8924703549999995,6.97864760925,7.40864562275,8.18756362675,7.2627467160000005,7.913377788750001,7.3287736135,5.1579458655,6.53874215175,7.818162897,7.55405241775,7.02862952275,7.8676599007500005
SLC16A3,,,,,,,,,,,,,,,,,,,,,,,,,,,,,,,,,,,,,,,,,,,,,,,,,,,,,,,,,,,,,,,,,,,,,,,,,,,,,,,,,,,,,,,,,,,,,,,,,,,,,,,,,
ACLY,8.623914464,7.900999322333333,8.029080679,9.019008631333334,7.476927425000002,8.884772127333333,8.241370136333332,7.4330041609999995,7.670751261333334,7.5066682799999995,8.202904318,7.944549511666668,8.442200718,8.345065068333334,7.542768341666666,7.005329153666666,8.891359448333334,7.571180027666666,8.293874847333333,8.393924742333335,7.616393107666667,7.825003627,7.703695718666666,8.936152731333333,9.236667217333332,8.348339444666665,8.423927876666667,7.634749683333333,7.950684689666667,8.461632808333333,7.287784030333334,9.212320265,7.459447966666667,8.835393535333333,8.27902475,8.051030412333334,9.494259701666666,8.027707538,8.206690866,8.196592286666666,8.416782473333333,8.266393992333333,7.470556050333333,9.211856297666667,7.951349046,8.831121427666666,8.625803159666667,8.372990423666666,8.162220916,7.446068033333334,7.754108199666668,8.802929097333333,7.354199789666667,8.139825959333333,8.753164199666665,7.375339080333334,8.163597096,9.255639743000001,8.320801119333334,7.679304418666667,7.700630165999999,7.835486795333335,9.091185956999999,8.552821704666668,9.044877288666667,7.787381212333333,7.667761230333333,7.129905187000001,8.76347989,8.470677851,8.836978273666666,8.355007881,8.144208283666666,8.409452589333334,7.9554207886666655,8.254474056333335,7.096973256666666,7.574246018999999,8.160053709000001,8.067681359666667,8.537609384333335,8.638060145333332,7.336890147000001,8.29743056,8.071318066999998,8.711371534333333,9.218652101333333,7.885224658666666,8.173330380333333,8.463107054,8.476075198999999,7.4544763996666665,9.414496046333335,8.898401126000001,8.242946860666667,7.959938768000001,9.017210315000002,8.866747834333333,8.782265671666666,8.679795789,7.109275290666666,7.6427647756666675,8.698242904999999,7.542839291,7.926885138333334
ACO1,7.6976986310000015,7.364922367999999,7.283843626,8.858463621,7.533841972999999,7.847963158,9.334402061,7.917765735,7.557383875,7.420265562999999,7.606904469,8.349722935,8.097155837999999,8.250806693,7.4921847910000015,7.156800164,8.049053328,7.348758477,8.389054763999999,8.164818326,7.518008492000001,7.753947505,7.717794744,7.505427127999999,7.260486003,8.104514359,8.182684982,7.677636467999999,7.878803438999999,7.989612391,7.390774662,7.173751526,7.564845438,7.942905913,7.772542502,7.982863481,8.083592555,8.208351702,8.3027634,7.973686803,7.801252995,7.227258088999998,7.137214005,7.251444121,7.392732668,7.716380409,8.181715532,8.036008727999999,7.516037081,6.914688217,6.353601812000001,7.644094089,7.663505437,7.862712075,8.174026615,6.799095824,7.825606238,7.987304702,7.554485748999999,7.271599247,7.653979779,7.893701277999999,7.673184695,7.7249733260000015,8.112925459,8.320231496,7.490884417999999,7.665758782999999,8.153798843999999,7.593515077,7.706644022000001,8.624266754,8.063103936000001,8.163160967,8.184804348,7.457210014,7.495395779,8.806723745,7.888978335,7.757332674,8.075788978,8.856333406000001,7.456640659,8.076488291,7.548022935,8.13081147,7.656340915,7.54838764,7.468525732000001,8.113048071,6.897289552999999,7.291580757999999,7.034784102000001,8.426669433999999,8.354391773,8.0535596,8.369797866,7.556352155,7.664583666,8.739295421,7.449287784,7.128377759,8.055537672,6.606791753,8.115850259
ACO2,10.60367858,9.292982347,8.335764844,8.998848176000001,10.68450443,10.91097262,10.74379323,9.115719027,10.88720725,10.01768925,9.584373129,10.54217242,10.38526736,9.927839553,9.122270582,9.459546096,9.11515211,10.6867362,9.361992381,10.65602118,9.794136157999999,8.572103241,10.33443946,9.506212297000001,9.951710971,10.03521772,10.62206641,9.937801384,9.563548692000001,11.17620822,8.928297543,9.65937585,10.79791044,10.68769549,9.109610117999999,8.240973508,9.795042206,9.724256055,9.676068458,10.1845745,10.40586327,8.446227248,10.21859457,9.834087521,9.419310493,10.64311872,10.7038068,9.89477112,11.12864184,9.613434774,8.966155548,10.19649601,9.383130136,9.506405062999999,10.31246368,8.513414448999999,10.23444217,8.666977866,10.02858712,9.415014025,9.67577375,10.62360909,8.555757971,9.993087407,10.77176475,10.28856731,9.647177637,9.752300896,8.322237597,9.312990135,8.893841649,9.899817298,10.23935846,9.9383515,10.68028283,8.737354919,9.706958675,9.001459441,11.08151174,9.973914073,9.944384859,10.30539468,10.29610022,10.08889591,9.527940426,10.54691413,9.212842054,10.53803157,9.266512084,9.767209902000001,9.718952264,10.74338329,10.38926933,10.88569173,10.20172348,10.89754669,9.37560037,9.798800236,8.891131095,10.25515402,10.20473013,9.836343459,10.82296776,9.935103177,9.826698452
CS,10.97430746,9.715328516,9.296666474,9.99694723,11.08497012,10.98859576,11.51360698,9.230051692,10.81877835,10.20418053,10.08327988,10.52500142,11.04521132,10.99726492,9.530128486,9.43384137,9.941757621,10.82437031,10.62315196,10.94964526,9.792600892000001,9.282949237999999,10.67109071,9.754406252999999,11.24853042,10.68681669,11.09593765,10.37421032,9.985626828,11.27119994,9.016079005,11.28870311,10.54975465,11.10806783,10.55162187,10.01987366,10.65193777,10.4798404,10.62640923,10.74267341,10.85250111,9.941797243,10.50478235,10.71578443,9.508577684,10.74589397,11.04805939,10.12184076,11.06038253,9.887178031,9.635932618,10.43057806,10.22294761,10.10877446,10.60885899,9.426314364,10.30079897,10.1455786,10.50194422,9.769394877,10.42686725,10.90268859,10.00500856,11.30608731,10.92530788,10.5254004,10.03011563,9.733276552000001,10.27785252,10.17680322,10.3585846,10.18021826,10.46747883,10.61026902,10.8726323,9.134533066,9.80789491,9.903868579,10.83506554,10.4520597,10.58847774,10.55144861,10.50679456,9.553042436,9.937408711,10.81481773,10.180487199999998,10.53052514,9.790307239,9.824446368,9.856125393,10.91926718,10.93036202,11.01465651,10.89328902,10.73476702,10.44643766,11.81422695,9.920648724,10.56161521,10.33042072,10.36831499,11.04018197,10.23324118,10.4253989
FH,10.4563873915,9.145491685,9.328610467,9.5680011695,10.178266329500001,10.2914284065,9.887647194,9.523428894,10.0470312495,9.954987064,10.1050533925,9.894735655,10.095216970500001,9.529339736499999,9.274236365,9.9990829715,10.134736765,10.280011258000002,9.387853542999999,10.095174232,10.298691425000001,9.0191538745,10.1509809225,9.799488845,10.0970200075,9.7529259755,10.205847768000002,10.1781233685,9.1907524175,10.768616975,9.835565227,10.182801118,10.042135318500002,10.239620358500002,9.289517154999999,10.276484213,10.2939009795,9.956097406000001,9.0687737555,9.833351126,9.9575152785,9.010312303,10.1593260675,10.370696621,10.438051308999999,9.552998902999999,10.303163617500001,10.186224993,10.327197154499999,10.171372115,9.768193003499999,10.468520946,9.467682516,9.956462456,10.055498077,9.959976474,9.974310422,10.061624288,10.028498118,9.783754262999999,9.554805593000001,10.474111617,9.781789459999999,10.699728445,10.350343566,9.646396462,9.925580732499999,10.1157060065,9.797753563,9.808627117499999,10.086880085,10.227326641,9.804740945999999,8.7257736025,10.502754235,9.997408394499999,10.342580117499999,9.8873052645,9.9618597195,9.8483145765,9.7777452805,9.7790329975,10.216458599500001,9.868292489,9.477935043,10.052298361,10.3321366605,9.645466709499999,9.1679616055,9.481505070499999,10.3688196885,10.0336742265,10.2336980545,10.350165045,9.835182566499999,10.157159708,9.943576304499999,10.242225801,10.119746145499999,9.7924702965,10.445222242,9.4751549335,10.238610318500001,9.8420626175,9.780596446499999
IDH1,12.197375115,11.989943135,10.915724955,11.969647845,11.74849128,11.752585795,11.96652344,10.547900564999999,11.860339565,11.38608943,11.02025564,11.253529194999999,11.717395105000001,11.703163705000001,11.663737335,11.418143125,11.812976765,12.18136209,11.933890745,11.61599434,11.691084795,11.801233775,11.488034885,11.99635273,11.95678697,11.422173579999999,11.999509475,11.481569045,10.732862879999999,12.540058485,11.389004035,11.17044812,11.685347005,11.848327789999999,11.663672309999999,11.489501985,12.239883129999999,11.569358274999999,10.96795745,12.12797805,11.24879219,11.15473326,11.617730105,11.464663295000001,11.58240578,11.577588255,12.239027145,11.730665375000001,11.877234825,11.380816509999999,11.092649045,11.601674405,11.37691218,11.52270819,11.850266484999999,11.548171329999999,11.739869835,11.352633390000001,12.029816969999999,11.108573015000001,11.145738224999999,11.918129785000001,11.509324995,11.60120573,12.017429329999999,12.06426973,11.63036391,11.262649055,12.21540241,10.77793712,11.564431155000001,11.980190745,12.144049765,11.106516915,11.981637625000001,11.638483585,11.266135765000001,11.4828461,12.170413175,11.50010636,11.73427517,11.517168275,11.35500738,11.735141984999998,11.663783405,11.795328355,11.282559075000002,11.504440275,11.436212444999999,10.81558954,11.866339395,11.97667554,11.357011165,12.451628215,12.2429189,12.106981529999999,12.11788541,12.078542705,11.439771115,11.878933685,11.5218108,11.15009276,12.261071,11.306547965,11.352587085
IDH2,7.742757031,7.343566752999999,6.437080423499999,7.3488178765,7.0598143525,7.391664476,9.0132630895,6.8834228170000005,6.82536886,7.268788324499999,7.9828048405,7.407271197,7.5458051885,6.810753913499999,6.225607870999999,6.7049512335,7.2749826214999995,6.9716544224999994,6.704673121000001,7.56792643,7.8363662775,6.244325881999999,6.647887626999999,7.3596489365,7.9771295305,7.116920394000001,7.704368156499999,7.537839989,6.912518083,7.1757956285,6.2156624449999995,7.243584598000001,6.210858946999999,7.566216041,6.807518843,6.3271674085,7.7428527240000005,7.6016503325,6.907578377,7.6890901155,7.550925319499999,6.579579816,7.408734622999999,7.9490287075,7.741796227,7.144713903,7.838190812,9.0909725515,7.4890762235,7.165701323,6.6125958195,7.906984358000001,6.7841497245,7.0344292295,7.6192107374999996,6.793089822,6.9728074824999995,7.051974402,7.4384821335,7.491293506,7.159681808,7.263715680000001,7.0314964915000004,6.753125108999999,8.1620114155,7.59299985,7.381844492,6.713824591,6.278055257,6.8422987404999995,7.0342181965,7.397923705,8.372545369000001,6.307096203,7.613448480000001,6.896841118,7.507819382999999,7.1835722905,6.817420798000001,7.6416319695,7.220926125,7.487007129,7.098867134,7.070741481000001,6.7693737355,8.141079554,7.384407561,7.178307375500001,6.624796999,7.061963463,7.473659781,6.790822299499999,6.794128992999999,8.274072055,7.473469177,7.058982349,6.900374146000001,7.6849272685,7.5913854765,8.353161064,7.4728021380000005,7.0740396125,7.610428224,7.704407902,8.071936703
IDH3A,9.119491973,7.5077872249999995,7.0210542475,7.1686132570000005,8.157438075,7.8042510709999995,8.129577151,7.4782396225,8.392442435,7.8380738725,6.638137244500001,7.6260047355000005,7.519833913499999,6.2125566125,7.1159670015,7.6234050435,7.8432201465,8.158196507,6.513030613,7.214517643,7.982476501,7.164700466499999,8.249954482,7.3061181815000005,7.784681206,7.02375722,7.630515624499999,7.588389727999999,7.2066467125,8.636904812,7.5183897405,7.099089872,8.1903420375,7.386326588,7.2559741115,6.9722192205,8.182053609,7.582900008999999,7.506139453,7.2608646100000005,7.285546760999999,6.8011395305,8.213519544499999,7.7214654545000005,7.6886882750000005,8.0023831695,7.1493576365,8.110763875,9.0457174665,7.898857104500001,7.3039733469999994,8.4098436705,6.861767261000001,7.563459651,7.613820299,7.885179058,8.222761738500001,6.5637111365,7.500234515999999,7.318349865,6.9886082615,8.0876433135,7.58383477,7.230141113999999,7.554860789,7.248431377499999,7.5900257445,7.777538446500001,5.9958973105,7.783567395,7.0409298535,6.6095757765,7.478124236999999,6.5888846065,7.1172811955,7.8564882775,8.2607842995,7.323395854,8.333794936,7.1548628625,6.984702106500001,8.0441695605,7.6979564135,8.265731779500001,7.017144181999999,7.7277713025,7.7732807919999996,8.465826738,6.9137900045,7.846625196,7.6973081485,8.289984045,7.1754059315,7.8802970255,7.422426280000001,8.306728293499999,6.9309182335,7.4418578705,8.384816967999999,7.92697597,7.9256715255,6.986466590999999,8.058579164,7.6233933105,7.193952381999999
IDH3B,8.769951260333334,7.730183414333335,8.07992591,7.192766699,8.451926094000001,8.646668400666668,8.369830308666666,7.981472917333334,8.473042151,8.253299136666667,8.387284821,9.275925212333332,8.781881861,8.452478901,7.322374733666667,8.596155311333334,9.921380558333333,8.311244115333333,8.369046914,8.632316148333333,8.925450161,7.9262518733333325,8.821182766666666,8.097633791666667,8.579378218333334,8.007805046333333,9.224236466999999,8.04246577,8.011367876333333,8.987392807333334,8.461915448,8.895636861666667,8.518905961,8.614542755666667,8.161712675666665,9.152181274,8.527307312,8.560675081333333,7.89456544,8.500205153666668,8.434764249333334,7.525991102,8.680581496999999,8.015363759000001,8.922950964,8.197786895,8.999666465666666,8.649816453333333,8.896053685,8.465395609,8.908150595333332,9.383886130666667,8.120149769,8.554939262,8.804714191,9.183091862333333,8.787826564333333,7.7829770216666665,8.481169844333333,8.709970592333333,8.808625826666669,8.673323348666665,7.803685313999999,8.282792397,8.301390698666667,8.078565749666666,8.624651722666666,8.543530311666666,7.978288759999999,8.604884601,8.269497944666666,8.428142982666666,8.637493225333332,8.072277986333333,9.065400370666667,8.377580556333333,8.660705064666667,8.890485068666665,8.806354463666667,8.407756821666666,8.366876982333332,7.239737294333334,8.412640369666667,8.360200862333334,7.972241797333333,8.376500352666667,8.739766256666666,8.215850392,8.350816757666665,9.160620083333333,9.515805367,8.387075530333332,8.747837332666666,8.840949390333334,8.448861028333333,8.670790996000001,7.985981448666666,9.175631972,8.705160175000001,8.270515219666667,8.847885004333333,8.017566592666666,8.551358072,8.333048743666666,8.714756492666666
IDH3G,9.686791972,8.454757236,9.444735346,8.94126917,8.870593707000001,9.597019666,8.788699881,9.069621423,9.434280568,9.279753118,10.08072792,9.459529677,9.392502046,9.539853201,8.483745496000001,9.276113902999999,9.518853529,9.035006856,9.330779888,9.634332908,9.446109911,8.054684717999999,9.323407377999999,9.384588653,10.65523611,9.3924347,9.607761519,9.638739621000001,8.905996153,9.802942061,9.179715974,9.636449108999999,9.337111794,9.50355494,8.756105127,9.44630306,9.787322396,9.450951242,8.741836425,9.428994594,9.524570703,9.179157161000001,9.525156315,10.81625834,8.915998102,9.279429616,9.422568004,9.824271722,10.16324645,9.467716001,9.636445201,9.921413272999999,9.169100782000001,9.345525042,9.885493916,9.786310181000001,9.505476806,9.996317328,9.570260972,9.412551818999999,9.533426707,9.503585305,9.688928648,9.807301212,9.862738033,8.744890156,9.208690691000001,9.206307656,8.846886366,8.822852505,10.50053739,9.30515906,9.414308318,9.267946902,9.976991986,9.401783513,9.622149328999999,11.17479464,9.703560897000001,9.709675048,9.53534192,9.56824442,9.06744414,9.39813307,9.075634462,9.593370937000001,9.594470037999999,9.328307852,9.454689834,9.045030164,9.670910707,9.259119112,9.155054305,9.564658867,9.594632272,9.454489567000001,9.651268412,10.41269852,10.41275642,9.297768568,9.294365446,8.940778283,9.305533302,9.239542116,9.348068171
MDH1,11.00238961,10.06913102,10.12945587,10.71803192,11.05142621,11.28865566,11.14831977,10.64485233,11.10806124,10.80610604,11.15987515,11.47015433,11.03620853,10.85748442,10.45088838,11.24158293,11.12127501,11.05952791,10.88959528,11.02382172,11.58442858,10.60839964,11.09845816,11.05955387,10.85379409,10.84530779,11.21767087,11.01299854,10.7872989,11.54670944,11.20931122,10.680376400000002,11.03581675,11.25578945,10.69560289,10.7083921,10.96944389,11.00036328,10.20497934,11.08065423,11.36364032,10.74645973,11.36426286,11.01057697,11.0706766,10.8796295,11.52437032,11.51901671,11.58327222,11.12780909,11.37607914,11.7907611,11.08828433,11.37213922,11.15020813,11.43244268,11.18578249,11.33704352,11.33694477,11.27714417,11.12556911,11.2776853,10.73601438,10.96110541,11.42836416,11.03997744,11.31625165,11.07229274,11.1055086,10.80329237,10.67595727,11.26701065,11.2346079,10.28608359,11.53717484,11.62656035,10.93224667,11.13065025,11.43174467,11.08701424,10.87348639,10.76601185,11.08620128,10.98185733,10.62036515,10.92271497,11.19134814,10.87828983,10.42188818,10.70083022,11.31234021,11.05189249,11.08157607,11.52665259,10.9106052,11.18050117,10.70436149,10.74823761,11.11094854,11.00074544,11.29078287,10.39224877,11.19658403,11.13965306,11.28662039
MDH2,9.3691356605,9.382159965,8.8863872815,8.702118723,9.3285367445,9.771401684499999,9.8305535715,8.8981466385,9.2769563155,9.3420362785,9.608258071,9.7173121905,9.5782561305,10.303061105000001,8.855744312999999,9.004546294,10.101183966499999,9.134908714,9.50255708,9.623683843,9.5895294905,8.508442006000001,9.3342480255,9.2376575545,9.6034566405,9.7126583935,9.9947481025,10.0567601725,8.4633306635,9.5094461215,8.961093978000001,10.192991002500001,9.429830199,9.5149327655,8.9545771045,9.865486542,9.590634957,9.4470221725,9.9383143765,9.5531732915,8.510073007,8.757108213,9.455031128,10.092372009,9.2345628795,9.177433666,9.717173390500001,9.7340686855,9.8605756115,9.092662412,9.8253693905,9.672190153999999,9.3020030335,9.661182589,9.718717617500001,9.2657724135,9.205163829,9.4057505705,9.848429463999999,9.456654166,9.6773452825,9.3005674155,9.7683584825,10.042245490500001,9.915788124999999,9.517068893000001,9.531976076,9.150966050000001,8.8947111715,9.262991425000001,9.9006206395,9.736640864,9.647065807,9.970374803999999,9.774528893,9.0836022645,9.276379778999999,9.7202882755,9.607481684500002,9.6838168725,9.5914920315,9.025757668,8.9956568265,9.127208824,9.356006701,9.5754803735,10.4416310585,9.3916495955,9.067308889,9.4028480185,9.702258772499999,9.50579507,10.024004426000001,9.6942899105,9.644377281,9.549004172,9.9753300445,9.2818745415,9.982643271499999,10.1053737755,9.068026441499999,9.2565013615,9.405849911499999,9.22297603,9.4981079375
OGDH,,,,,,,,,,,,,,,,,,,,,,,,,,,,,,,,,,,,,,,,,,,,,,,,,,,,,,,,,,,,,,,,,,,,,,,,,,,,,,,,,,,,,,,,,,,,,,,,,,,,,,,,,
OGDHL,,,,,,,,,,,,,,,,,,,,,,,,,,,,,,,,,,,,,,,,,,,,,,,,,,,,,,,,,,,,,,,,,,,,,,,,,,,,,,,,,,,,,,,,,,,,,,,,,,,,,,,,,
SDHA,10.08890358,9.051005075,8.747024115,9.3083939,10.74035072,10.51478881,10.04153755,9.190862193,10.275747099999998,10.06351362,10.08558545,10.68893493,10.24408999,9.663843307999999,9.226935232999999,10.0684665,10.09050071,10.39357533,9.619881665,10.37966485,9.938666568,8.997713399,10.12238093,9.119357577,9.225541267999999,9.601820995,10.33689025,9.3226203,9.239726422999999,10.5441517,9.428215027,9.489018363,10.3468991,10.19251664,9.495982473,8.602361212,9.81903352,9.650561114,8.908823581,10.10562906,9.758252726,8.326572698,10.1934765,9.069088151,8.900982012,10.14639048,10.66388286,10.12019279,10.70275034,9.777557986,9.352914219,10.3648,9.416206426,9.595940126,10.29585639,8.606776565,10.04184122,9.169773784,10.04293732,9.753724065,9.500430113,10.46654776,9.302441341,10.02517918,10.3290948,9.989973329,9.666464406000001,9.796888889,9.295314357,9.71983406,9.31232888,10.1462821,10.07021475,9.987412922999999,10.77372243,9.559366881,9.607964151000001,10.04006324,10.50912275,10.03071327,9.244211769,9.857478645,10.15830809,9.968166027999999,9.472973983,10.23008859,8.938164387,10.34642323,9.539362152999999,9.10663248,9.751205506,10.59906867,10.06760985,10.60744216,10.07733824,10.71546225,9.456967972000001,9.739819377,9.847535085,10.19996428,10.12536411,9.713278163,10.637228599999998,10.31975012,10.1405457
SDHB,10.552144300000002,9.429834861,9.4669608,9.637396563,9.864739038,10.30452964,10.12713176,9.562276432,10.10213042,10.27437083,10.45369064,9.637144226,10.03909586,10.10805854,9.794437899,10.63651788,10.60700307,10.1401446,9.488778125,10.26268642,11.04849005,9.822632566000001,10.76579481,9.770214132000001,10.07521772,9.934652317000001,10.26270094,10.86366071,9.409735644,10.93975698,10.31733514,10.45464865,9.92501754,10.47392115,9.736454301,9.606395484,10.06819903,9.965226291,9.24516488,10.15352064,10.59970789,10.072958,10.63755152,10.44626967,10.22419137,9.964913778,10.64087215,10.79677277,10.55366431,10.40486859,10.23801802,10.95041226,10.05563126,10.54046544,9.603277412,10.58958693,10.51213255,9.772836397999999,10.407802,10.45994598,10.51887646,10.60626946,9.656456899,10.09877096,10.39796701,10.00416035,10.5866172,10.42343676,9.174101804,10.11452332,9.890631812999999,10.39165781,10.27409035,9.643510612,10.73736401,10.00809103,10.87201653,10.34663733,10.49767114,10.22162212,10.09536518,8.938630786000001,9.984361201,10.24893854,9.760628743,10.00933601,9.708963371,9.871325887000001,9.568559463,10.17840944,10.85440922,9.841090276000001,10.06804479,10.73017778,9.990169672999999,10.54048501,9.177157232999999,10.21657798,10.28520707,9.926309816,10.68892579,9.577957282,10.48658999,10.54120252,10.2794292
SDHC,7.569364198666666,7.350343349333333,7.6132110436666665,7.627144434833333,7.654061992833333,8.082036103666667,7.8865642645,7.6066214573333335,7.437258779,7.853665378166667,8.3991395745,8.238565301000001,7.994429664000001,7.606580644999998,7.670301797166666,7.812891272000001,7.963980523499999,7.498102642833332,7.862501972333334,7.880451432666667,8.455264281333333,7.675930172166666,7.903643873499999,8.1108198095,7.799347910999999,7.308623975833332,8.033281258333334,7.9486165548333325,7.130131025,8.0857173615,8.205506203833332,7.7906280636666665,7.5787115814999995,7.832732792833333,7.434645326499997,8.129568759833335,7.889976050833333,8.204302413666666,7.356496534166666,7.917685431833334,7.863584318166667,7.546967275666666,7.799685937333334,7.758370055666667,8.512293421166667,7.871479119333333,8.143369800833332,8.2676719865,8.103837887666666,7.9364602615,8.038041340000001,8.521669983666667,7.7969744363333335,8.283111568833332,8.398130107166667,8.344884982333333,7.918674381333335,7.792627347499999,7.997880147333334,8.541938837833333,8.398174073833333,7.7912394895,7.603328115666667,8.356374492166667,8.2043351745,7.932570628166666,8.373270556,7.863575152666667,7.739925981,7.360102005833333,7.963399205666666,8.250948503333333,8.096145283333334,7.7889299806666665,8.204077211833335,8.285825733166666,8.080019588499999,8.106446831166668,7.744181785999999,7.8907323374999985,8.0982375505,7.820012619833334,7.403929468166669,8.007533373500001,7.485342041166667,7.9917745976666685,7.531637083999999,7.299066858333333,7.372848066499999,7.728521935666667,8.065712199833333,7.730287207166666,8.547964169166667,8.394806559166668,7.9651269495,7.828699369833334,8.341947679666667,7.567760018833333,7.871340045166668,8.038495712333333,7.858761110500001,7.138614758166668,8.059835695333334,7.738176347666666,8.080899323666666
SDHD,11.54289417,11.15110608,10.89778685,11.20912275,10.74752734,11.34897754,11.47532061,11.05004415,11.45592309,11.46638464,11.04351168,11.69428561,11.18110113,11.22785135,11.56416159,11.87626706,11.43477831,11.3924578,10.75447504,10.90017262,11.07097479,11.66830938,11.60627829,10.93454074,10.80530852,10.94698205,11.21315212,10.79032905,11.08861319,11.82520315,11.53196556,10.81182916,11.70553629,11.24795455,11.40331553,11.01826771,10.89391772,11.19877279,11.39002493,11.454659,11.4790319,11.0177433,11.72563433,10.99027905,11.31894841,11.05471339,11.5581582,11.37973421,11.9385619,11.54293701,11.47485129,11.35856469,11.6527212,11.47811444,11.50587089,10.83407034,11.60100581,10.33683975,11.63225852,11.42674518,11.50575859,11.56499147,11.46750827,11.14981752,11.36639357,11.78910079,11.57591689,11.41958105,11.16429251,11.11610974,10.79826344,11.30529304,11.42271498,10.77400924,11.6253358,11.38376561,11.31954244,10.89680657,11.39754349,11.22940431,11.19868036,11.13603325,11.3463725,11.45569601,11.12582039,11.32578896,10.88108894,11.610662199999998,10.99117126,11.12853793,11.12955705,11.86153087,11.47962958,11.55938468,10.54595698,11.59803575,10.23840743,10.65786249,11.24283838,10.98974873,11.48615139,11.25734825,11.48046222,11.437857800000002,11.09186073
SUCLA2,11.22475283,10.89983932,10.4610921,11.99917928,10.42039322,10.82760354,10.85786754,10.06968366,10.95476941,10.29614915,10.62981764,10.67352164,10.4791407,10.54991867,10.38967562,10.28764801,10.6338263,10.515057,10.71007693,10.26490042,10.31104415,10.83376109,10.3455712,10.31288599,11.23103653,11.09018841,10.66272387,11.22590947,10.49978293,10.72041273,10.49472411,11.42345166,10.24119626,10.97198704,10.70599015,10.98593915,10.7057537,10.27594804,10.43551172,10.77842807,11.10915631,11.24984238,10.48596664,11.26553668,10.5666031,9.959011444,10.91980157,10.49975625,11.39874103,10.69579268,10.12372154,10.65955488,10.91591659,10.87366772,10.87741039,9.939520642,10.373125300000002,10.97996907,10.83312977,10.57931402,10.3966124,10.88231116,11.70643321,10.86984158,10.56172877,11.29284406,10.61706156,10.03819501,11.1178456,10.68193357,10.4078154,10.44349348,11.41334238,11.06529928,10.78090874,11.35439429,10.1605635,11.04335796,10.60221951,10.35077176,10.17719309,10.98436376,10.42815158,10.04467235,10.58062717,10.48203776,11.30778733,10.53603761,11.16676234,10.89345871,11.55090694,10.47159702,11.83199762,10.71774782,10.95262259,10.54185166,11.32104533,10.58806031,11.13609967,10.28105956,10.29102014,10.2128681,10.7596031,10.72631004,10.61618068
SUCLG1,11.55140245,10.53998264,10.19655453,11.09362715,11.76574059,11.38970662,10.93922056,10.84911258,11.56248339,11.55960542,10.98685503,11.19220461,11.37724337,10.96719039,11.16876805,11.91354085,11.63199969,11.53068284,10.86742546,11.25332559,12.12630041,10.87221755,11.65551512,11.12911358,11.03819762,10.89467091,11.34600852,11.81754521,10.25230082,12.08638813,11.67732119,11.27218291,11.6319498,11.37284929,10.93090962,11.30056217,11.12325596,11.31745612,10.41766107,11.35190377,11.30781843,10.5779368,11.87208979,11.50388564,11.98991896,10.80130254,11.67240862,11.72776421,12.03090064,11.76718834,11.00278289,11.89509073,11.2073099,11.66953865,11.42758935,12.19578603,11.64440686,11.06641564,11.64013816,11.59195218,11.3705566,11.96191717,10.63106234,11.32349124,11.54866415,11.42684334,11.94343171,11.70875304,11.00885718,10.71942458,11.01693912,10.36867339,11.59623074,10.35880521,11.86267802,11.6049741,12.04301746,11.12099303,11.86465851,11.35017444,11.24402294,11.06660383,11.69842536,11.36098147,11.01521986,11.35751661,11.81222626,11.32582861,10.89167955,11.12485376,11.71835724,11.82331688,11.20822988,11.60428163,11.39706948,11.79109459,10.76774415,10.92378739,11.96147716,10.95553816,11.87018284,10.77030811,11.28348698,11.55822594,11.12254105
SUCLG2,11.21738167,10.774173903333335,9.839889119,10.498529913333334,11.528133226666668,11.74484829,12.110329433333334,10.89860327,11.722077793333334,11.416118726666667,10.965425773333331,11.603308140000001,11.565912276666666,11.354032043333333,11.591536976666667,11.084600393333332,10.106396542333334,11.82348804,11.162684456666668,11.3646465,10.849189879999999,10.865512046666666,11.649904236666666,10.81324294,10.778828916666667,10.921531763333334,11.668815283333332,10.524773823333334,10.600911183333332,11.78453363,10.779137206666668,10.572520776666666,11.704326066666667,11.51316979,10.775201670000001,10.427141443333333,10.607816826666665,11.310771633333333,10.929924206666668,11.73802009,11.080748083333333,9.948667804,11.522033483333333,10.111358209999999,10.871644683333335,11.296441786666668,11.757223933333334,10.980005183333333,12.224389433333334,10.92904856,10.198750976666666,11.235409516666666,11.601314099999998,11.662721806666667,11.279320393333334,10.41218913,11.625420303333334,10.288429763333333,11.62427408,10.932021423333332,11.083090933333333,11.438787453333333,9.886122698666666,10.843173993333332,11.442982103333335,12.227049733333333,11.016945703333334,11.252460013333334,11.2297366,10.786848543333335,10.632333150000001,11.811499320000001,11.968887326666666,10.847328866666667,11.783483906666666,10.285114856666667,10.534426593333333,10.360979093333333,11.956847603333335,11.122287083333333,11.072231336666666,11.008953493333332,11.424679226666667,11.27047737,11.041322809999999,11.588774066666666,9.993318242333334,11.782241556666667,10.496448410000001,10.343850516666668,10.62809427,12.053641036666667,11.375206486666668,11.61842129,11.797520726666667,11.628767156666667,10.77544795,10.581459366666666,10.998421836666667,10.88350605,11.01106203,11.586276500000002,11.561052720000001,10.940753716666668,11.260665846666667
ALDOA,12.251135986666666,12.321505700000001,11.170775222666668,11.545677650333332,12.058551566666667,12.459562349999999,11.697399294,10.744256256,12.09108957,11.555429358,12.87579657,11.56550019,11.329086003999999,11.647393893333332,10.676785795999999,10.75915804133333,12.031897133333333,11.835165664333333,12.28091661,11.974882593333334,11.800263146666666,10.477623296333332,11.76650005,11.976622086666666,12.522142653333333,11.721123336333333,12.12569931,11.493359361000001,11.204359026666665,12.255251743333332,11.675758471666667,13.480370806666665,11.712582411,11.331189565666667,11.211503221666666,12.073048596666666,12.010186163333335,12.012926533333333,11.463142205333332,12.087466193333332,11.667564218999999,11.919337346666666,11.760458827999999,11.991705023333333,11.283960279666667,12.014063526666666,11.620866368,12.691631476666666,12.307836369999999,11.487879008333332,11.954980783333333,11.224317011333333,11.725041032666667,11.561146535666666,11.864459923333333,12.089300393333332,11.774969798666666,12.45529353,11.762867911999999,11.561440186333334,12.024367136666669,12.046420466666666,12.017183653333333,11.826212481333334,12.10002031,11.734280377,11.644581706666665,11.283179043666665,12.236434543333333,12.279655523333332,11.368020033,11.619001234999999,12.137204573333333,11.88370045033333,12.016000966666667,11.479981019,11.567478134666667,12.489377896666667,12.164291176666666,12.098148363333335,12.101342356666668,12.016801196666668,11.501651837000002,12.100230498666667,11.449273703666668,12.031452243333334,12.505626143333332,11.776765769333332,11.615037841666668,11.923113483333333,12.096375573333333,11.930897449999998,12.431880399999999,12.088372166666668,12.119361553333334,11.873675268999998,12.11993941,12.022967406666666,12.020717126666668,12.389374023333332,11.482166894666667,12.1470469,12.308875226666666,11.591508787333334,12.184081833333332
ALDOB,4.224616981333334,5.202596119666667,3.8441196516666665,2.9287454386666667,2.8125404559999994,3.9024978600000004,5.985734432,7.197411547333332,5.318328940333333,3.24373334,8.647506427,6.189608940333334,6.103270793333333,6.017782444333334,6.076278609999999,3.621984417666667,7.494411871333334,2.799608715,6.1178874353333335,7.371249353,4.287434100333333,4.182609459999999,3.405245052666667,4.693745798999999,4.271066024333334,4.139712978666666,5.031490276666667,5.591543876333334,2.9355765816666666,3.9496023026666673,8.443697893666666,5.137391079666667,4.093453654666667,3.3423127089999998,4.095468031,7.751264424666668,4.220591594,4.328679898666667,3.6409399149999992,5.257634801666666,4.2398905146666666,3.5890699890000004,3.531312362,6.9998276016666665,5.824317115666666,5.576033181,3.0744366236666667,7.623360675,4.395580578333333,10.329529460999998,7.432328186333334,4.708621506,4.512189486,3.5662475926666666,3.397223774333334,8.870576032,4.905725494666667,3.8088902626666665,4.995584511666666,3.4087744910000004,5.747577006,3.102815623333333,4.719810817666667,8.647017673,3.155788083333334,4.151457242666667,3.8032599536666667,3.2735884023333335,2.9701757326666667,10.333839337999999,7.639534555333333,8.200307186,3.599794773333333,7.274268416000001,6.025218833666666,8.213370598666666,2.830159084,7.694047247666667,5.98860294,7.757779518333333,3.7636622440000003,5.5771265623333335,3.146278116,9.631112843333332,4.181123947333334,3.9596908479999997,5.787982302333333,4.004073271333334,8.003968749,3.3691295306666666,5.107573397333334,2.9201143886666667,7.419788379333333,2.907127786,3.9346919056666665,3.706981384,7.174302635,7.310167936333333,7.509362955333334,3.6132766496666666,3.1101854706666665,6.5661241766666665,4.058059775666667,4.095419713333333,4.555655152
ALDOC,5.369307882999999,7.30481633,6.51334186,7.832325462999999,6.614995627000001,6.486485065,5.4680265110000015,5.069236177,8.263536182000001,6.184189419,7.19684263,6.093066079,5.372588451,5.500548788,5.289853589,6.816160339,8.416556051,6.120556991,6.620343665,6.028778956,5.736198761,5.8694122,8.055174549,7.255855586,8.056664029,4.460887312,6.502810038,6.331702592999999,6.410709423999998,6.076865057999999,6.576353939,6.786574335,5.909551114,4.72260194,6.037003025,6.418012101,6.817713427999999,6.126873946,4.344538234,6.396195487999999,6.693110614,6.572543252000001,6.81459289,7.1525109360000005,7.242976059,8.157609401,6.290513941,7.708080725,6.001708072,6.182783902000001,7.458235785,5.470477509,4.865404573999999,5.737765542000001,7.101841197000001,6.852955172000001,6.637476709,8.965407069,6.026382741,5.830191264,7.124024894,6.812737506,7.379817915,5.659236432,6.451235795,5.786347848999998,6.108075651,6.504652237999999,8.382657195,6.574178089,6.374466553,6.387861462999999,5.598074368,6.179015412999999,6.755358061,7.911638357999999,6.808704896,6.392296783,6.646741909,6.565452177999999,6.610036704,6.732867428,6.819781193,7.192222465,6.031210532,5.856162907000001,7.296164797,5.728963311,7.132716456,7.847566895,7.515857063999999,7.04870854,6.525132437000001,7.732956901,6.622371433,7.337440441,6.5158352310000005,6.459874554,8.449230402000001,6.915212682999999,6.5344142939999985,5.666536104,6.570447331,5.4595566820000005,7.14076535
HK1,9.562352147999999,8.556388846,8.408735969,9.262610038,9.066311523,9.624077644,9.355022656000001,8.481838115,8.789134165,8.773683487000001,9.348958427000001,9.31390002,9.785796807999999,10.26825395,8.484929608,8.324821037000001,8.323441888,8.867607025,9.833693843999999,10.14417923,8.425229433,8.468113727999999,8.501485007000001,8.638485382999999,9.26520407,9.966180574,9.602015495,8.476062264,9.003329534,9.138827674,7.820406112000001,8.791962614,8.524576332999999,9.900805689,8.804069149,8.316185378,10.32445425,9.233521973,9.065388478,9.491636957,9.390137193,9.075925942000001,8.70423893,8.929076192,8.208460111,9.641616784,9.447653235,9.45033014,8.697558911,8.606245113,8.054467427,9.147470757,9.22081321,8.786529048,8.912068264,8.053915128,8.9695757,9.4667129,9.198592812000001,8.577977911,9.076216966,9.108717488,9.506240291000001,9.015896022,9.536236817999999,9.328253011000001,8.469098273,8.158139671,9.038403557999999,9.148210464,9.354563129,9.637483883,9.225823672999999,9.720821497000001,9.531804781,8.746229971,8.370595333999999,9.495621817,9.418955554,9.713604814,9.78134707,8.403774055,8.960266818,9.235676167000001,8.91481582,9.671227679,9.228483055,9.368840731,9.029882945,8.35434076,8.374768101,8.560267551,8.801608834,9.861036639,9.791064018,9.292340046,8.748674966,9.186964703,8.383707802,9.38675784,8.43247756,9.385817924,9.59799696,8.545697937,9.182531987
HK2,11.01055525,9.2077316,6.472939537,8.440387653,10.10642323,10.39036962,9.531621123999999,8.637781731,9.98936098,9.561951392000001,9.364853171,9.260971131,10.23233545,9.262807333,9.190660045,8.36922046,7.909339125,9.724444851,11.62663929,9.714086062,8.534484524,9.469268909,9.175430871,9.126961514,9.04822525,9.933778503,10.05265009,8.338143421,9.289238813999999,10.0469046,7.338721437999999,9.408504205,10.02149423,9.220557641000001,9.389701358,8.198814528,9.572014429,9.372974337,10.22484592,8.951452139,9.845944792000001,7.659804472999999,8.897789657999999,8.403301349,8.528412373,10.11182981,8.565160076,10.21914402,9.91777868,9.277550711,7.190078162000001,9.332058174,8.886167255,8.308463867999999,10.27344574,9.104750966000001,9.934454145,8.880318102,8.616621967999999,7.422390975,8.453823428,9.748160452999999,8.278155315,8.987508241,9.305172419,9.624354917,8.745855807,8.849851506,9.661667827,9.080101759,8.594255547000001,8.23440105,9.485349567,9.297892051,8.41106808,7.747720007000001,8.906827462999999,9.182345143,9.457281249,8.459076417,9.75299636,11.27583201,9.024791027000001,10.05368572,8.642763329,10.02957382,10.08045868,11.23215648,8.438142288,8.813446229,8.761055495,9.596521134,8.42905246,10.59227125,8.971624258,10.13219828,8.745793336,8.874611292,9.072058214,9.359195262,9.681646521000001,10.12013572,10.16359511,9.194976068999999,8.322167896
HK3,,,,,,,,,,,,,,,,,,,,,,,,,,,,,,,,,,,,,,,,,,,,,,,,,,,,,,,,,,,,,,,,,,,,,,,,,,,,,,,,,,,,,,,,,,,,,,,,,,,,,,,,,
PGAM1,12.344352,12.30024693,11.66820646,11.3920335,11.29516922,12.3212143,12.16681676,11.42534683,11.54956892,11.4483245,11.47825708,11.61992471,11.5522269,11.54757956,11.11839848,11.12082741,11.09092101,11.77652959,12.02975817,11.60254029,11.52061813,11.33568384,11.64018903,11.62471513,12.40546512,11.68533511,11.90154769,11.67860238,11.14350841,12.26916038,11.54956335,11.77557991,11.21262962,11.85896345,11.73816114,11.59855442,12.59298994,11.95023367,11.62717568,11.77059729,11.59878469,12.17783271,11.4762826,11.88860212,11.56092027,11.84324349,11.80236636,12.80626989,11.8943183,11.85766124,11.54648268,11.95007364,11.63809019,11.87165597,11.63229676,12.16374951,11.49905107,11.95627216,11.64759022,11.86321393,11.63424666,12.09939656,12.21780245,11.88418155,12.05759995,11.80748619,11.7851192,11.26113065,11.6670159,12.4760472,11.4185168,10.74478015,11.71916043,11.39819238,11.9029035,12.40023308,11.67011405,12.11546623,11.74185598,11.74387319,11.60208965,10.99851946,11.46443598,11.91557913,11.4271239,11.89647809,12.17828342,11.60801574,11.369687,11.51767353,11.69744974,11.72681603,11.98074768,12.32756935,11.81595,11.47854797,11.64300411,12.16913206,11.94209719,12.43654041,11.4761254,11.49588724,12.14406856,11.45196196,11.93443208
PGAM2,,,,,,,,,,,,,,,,,,,,,,,,,,,,,,,,,,,,,,,,,,,,,,,,,,,,,,,,,,,,,,,,,,,,,,,,,,,,,,,,,,,,,,,,,,,,,,,,,,,,,,,,,
PGAM4,,,,,,,,,,,,,,,,,,,,,,,,,,,,,,,,,,,,,,,,,,,,,,,,,,,,,,,,,,,,,,,,,,,,,,,,,,,,,,,,,,,,,,,,,,,,,,,,,,,,,,,,,
PGK1,11.16923048225,11.36210401625,11.776635047500001,11.3844905425,10.015063088000002,11.293100461,10.485131968000001,10.749704167,10.246599953499999,10.44663101275,12.301141719999999,10.9507801385,10.23027167625,10.1010839635,10.68369902325,10.653190951,11.842810905,10.349095759499999,11.7581541375,10.1868771185,11.330940050999999,10.5143715365,10.6203225985,11.4014195135,12.25706597,10.587394828499999,10.5730303145,11.097267994000001,10.077312392749999,10.986392041,11.62538962425,11.176854986499999,10.0985018925,10.4136192355,10.49991560225,11.738986155,11.099314126249999,11.13743461725,10.771739248,10.33287492775,10.64027478475,12.231068975,10.562194304749998,12.4131344175,11.422581461250001,10.58955268325,10.42358174925,12.4677883825,10.6832520755,11.4490244555,11.360696809250001,11.11274841575,10.89502863225,11.132549815500001,11.162973038249998,12.325269854999998,10.427326455,11.9160242175,10.7287564545,11.3624101915,10.78138706625,10.563664221500002,11.6746936405,11.573118595,10.90080099475,10.600674477999998,11.23273518075,10.47818343275,11.76351746,11.609412938,11.3977470015,10.409475645,10.636133294499999,10.403026760500001,10.8158200955,11.866887715,10.884028253499999,11.69751744725,10.51201100575,11.04079201375,10.93574909625,11.4345629135,10.35850887175,11.1547166205,10.55693025875,10.55017283075,11.790496755,10.348712670749999,10.63326183975,11.412036539999999,11.461560387,10.2460972145,11.011013669499999,11.16938023225,10.6675674305,10.46609459175,11.67426240525,11.05634309725,12.286186335,11.57478360875,10.5118246605,10.242893020250001,10.918215426749999,10.591875120249998,11.00517300825
PGK2,,,,,,,,,,,,,,,,,,,,,,,,,,,,,,,,,,,,,,,,,,,,,,,,,,,,,,,,,,,,,,,,,,,,,,,,,,,,,,,,,,,,,,,,,,,,,,,,,,,,,,,,,
PGM1,10.74553738,9.475690529,8.540735938,10.08989306,11.11078159,11.13887253,10.5727118,10.07221855,10.97313205,10.74611138,10.06809678,10.31458982,10.83485618,9.78792294,10.24847603,10.49422748,9.551732984,11.08998382,9.114248542999999,10.47057733,10.37665682,9.65416767,10.65796451,10.28404117,9.991179116,9.733712705,10.76602912,10.37447322,9.676128318,11.01365097,9.630553537,9.652085784,11.27811953,10.33073702,9.609877969,9.079303111,9.509107637,10.48345673,9.062026417,10.50074131,10.29433409,9.558985807000001,10.78661869,9.476030296,9.205218976,11.11398943,10.68659913,10.84985447,11.22653579,10.49385025,9.691935336,10.41873775,9.932731223,9.980549135,11.004010699999998,10.05853613,10.68163366,10.062047,10.48755158,10.23874841,10.16528887,11.03964631,9.363705,10.30636305,10.4753025,10.3461919,10.53151266,10.30167887,10.50953355,9.683848862,9.979913195,10.81132776,10.71476888,8.608956098,11.10697945,9.687666861,10.55858847,9.789667982000001,11.03734463,10.4368518,10.52753926,10.22589051,10.67095543,10.74031051,9.869661554,10.73566478,9.391019644,10.78037376,9.846275481000001,8.318794627,10.5792237,11.05155289,9.546268038,11.23971439,10.76501497,10.92048108,7.929930037,10.04347217,8.813867013,10.11437516,10.58087605,10.36879345,11.31019088,10.54811817,9.996141402000001
PGM2,7.52532305,7.366284458333333,7.169598183000001,7.990281131666666,5.426719119666667,7.704856243666666,7.153766933666667,7.139060898666667,6.189653335333333,6.579313216,8.073035973000001,7.312026942666667,7.6949174409999985,7.894115762333333,6.895338128,6.67879461,7.878627002333334,6.644915076,7.709149909000001,7.363147216000001,7.298577649666666,7.458199839,6.795989802000001,7.515659394333333,8.079049114333333,7.467940487666667,7.410075815666666,7.078765167999999,7.181901810666666,7.484932454333333,7.343270696333334,7.544612633666667,6.443134558666666,7.887628380999999,7.043179548666667,7.068873751000001,8.067943644,7.715981538666667,7.175153380333334,7.8126665090000005,7.806239706333333,9.105623076666667,6.999135932000001,7.7308368173333335,7.779408880666666,7.401167416333333,7.569359702333334,8.024025942666666,6.981931941666667,6.965805786333334,7.762898129333333,7.806820863333333,7.305882087666667,7.623694431,7.519530988,7.069846439,6.663070333333333,7.954257336333334,7.338058922333333,7.311496738,7.553205640333334,7.2842530960000005,7.963738325666667,7.4984435236666656,7.551213184000001,7.244000559666667,7.264990732333334,7.028647164666666,8.010403966,7.821091542333334,7.8140596470000006,7.614333616000001,7.534238326333333,7.3034379173333335,7.619912694333333,7.911332782666666,7.183052048333333,7.754064196666666,6.906092955666668,7.626423878000001,7.4488337216666665,7.4560431136666665,6.182161351333334,7.468089365,7.4432327,7.814397624333334,7.7144950293333325,6.738584065,7.494485437333334,7.229991136999999,8.124595080333334,6.896069908666667,7.314216360666667,7.5814578379999995,7.458603567,6.696820493,7.8497786320000005,7.531361729666667,7.507212587666667,7.602626129666667,7.107164906000001,6.954996578333334,7.170433342666667,7.207254348999999,7.90617835
GAPDH,,,,,,,,,,,,,,,,,,,,,,,,,,,,,,,,,,,,,,,,,,,,,,,,,,,,,,,,,,,,,,,,,,,,,,,,,,,,,,,,,,,,,,,,,,,,,,,,,,,,,,,,,
GPT1,,,,,,,,,,,,,,,,,,,,,,,,,,,,,,,,,,,,,,,,,,,,,,,,,,,,,,,,,,,,,,,,,,,,,,,,,,,,,,,,,,,,,,,,,,,,,,,,,,,,,,,,,
GPT2,5.687332486,5.521205854,5.016264683999999,5.503666922000001,2.616512616,6.175698718,3.386697829,2.564522304,2.7413291610000003,3.2004599430000003,5.58732684,6.036910079,6.372517153,5.221209151,3.528320652,2.744640403,5.042768962,2.825401318,4.892004878,5.80068953,5.737965284,2.63265805,2.620457868,5.275878323,6.194383905,6.40918896,6.0371229610000015,4.559091934,2.450219878,5.036120091,4.524977888,6.963753838,2.71317609,6.449608197000001,3.939523645,5.867300103,5.719412834,5.636341728,4.944277308999999,6.572824141,5.92624393,3.522085223,3.5596957280000003,4.661999175,5.820545584,3.518590703,5.146873596,5.407886565,4.404523933,5.032306141,4.134390099,6.489666582000001,4.899025169,5.736357842,4.970935692,5.835738383,2.731205886,5.752890899,5.885845033,5.650863576,4.839360512,3.944391073,5.970261937999999,5.8974998560000005,6.47145411,5.054342493,5.564909929,2.830859824,4.539264667,5.422778072000001,6.1476347260000015,5.818606634,5.821087234,3.939073626,5.729636949,5.742993935,4.278290654,5.126119199,3.989263267,5.951029103,5.712910111,4.492669377,2.83832313,3.872429668,3.994896284,5.956965178,5.169014976000001,3.618642303,4.438844391,3.719559176,6.490683037999999,2.624819088,4.610890962,5.843752727,5.32116675,2.945716477,6.074050184,6.273434807,6.95189077,6.282998582,2.878363202,4.853502555,5.65042844,3.86892037,4.990772843999999
SLC2A1,5.290001314,6.27957474,7.795811432000001,7.773463532,4.223470591,6.028929422999999,4.577167969,3.285594272,4.703390676000001,4.3898996310000005,6.74578095,5.533681522,4.902011185,6.133186866,5.125774964,4.151951969,5.714027939,6.0630228860000015,8.729349057,5.022955034,4.584161915,4.31476879,4.876656781,7.032893617999999,8.698056538,7.129330819,7.190029257000001,5.311813248,3.351017949,6.167630987000001,5.8360429589999985,8.055464836,4.320190894,4.721664981,4.146222453,4.984265946,7.540207746,5.775770334,5.463157722,5.193356654,5.800291558,9.987416026,4.297112674,6.632190869,5.805386949,7.4163349310000015,4.166862565,7.184553287999999,5.3594450380000005,7.107069441,8.8012246,5.770437517,5.857406693,5.094605335,4.893728422,7.0749304770000006,4.992634733,7.690769942,5.020732553999999,5.674113593,8.258964094,5.0328435780000005,7.829586767999999,5.0990349010000005,6.161009521,5.124472654,4.7143788980000005,3.989178384,7.961790699,6.416893035,6.397338432000001,5.281654099,5.75283885,7.217801736,3.882552366,4.940526211,4.747423297,6.476141018,5.980253188,6.22214571,5.809889727000001,5.14684378,4.242757741,6.133924466,5.874114767999999,5.123370582,7.054672745,4.429272564,6.272683956,7.143099378,7.058625426,5.3207949910000005,9.305878121000001,4.654562819,5.291678842,5.621640021,5.249225667,7.125198752,7.200833478,5.991140225,3.847313531,7.018402265,5.979453307000001,4.0283435910000005,7.462746492000001
SLC2A2,,,,,,,,,,,,,,,,,,,,,,,,,,,,,,,,,,,,,,,,,,,,,,,,,,,,,,,,,,,,,,,,,,,,,,,,,,,,,,,,,,,,,,,,,,,,,,,,,,,,,,,,,
SLC2A3,6.9098777,7.320827294,8.519769135,8.153038967,4.232566459,6.515925900000001,4.731137754,7.792459449,5.069069503,5.867037619,5.885691118,5.771266607,5.677573222,4.164936056,7.435093352000001,6.086048725,7.715623821,5.560480592999999,6.9701332539999985,6.221585555,3.935012551,8.568390585,5.64512884,8.812436083,7.685869755,6.254939945,4.683797023,4.903282871,8.104173368,5.236480771,7.393137108999999,5.13797536,4.954689889,5.441387787999999,8.207516503999999,6.501713109,9.315732678,5.253462498999999,6.025761876,5.46240907,4.6249061430000005,10.07526005,6.412579223,8.871109129,6.241510062000001,6.372732902,4.54853022,4.2227670260000005,6.293896329,7.830958233,8.681787605,4.663950712,4.37955905,5.35613573,5.840610774,8.403276398,7.405228657999999,10.44161211,4.170938417,4.677726575,3.731506185,7.1958997,11.00324765,7.655663343,5.982850573,4.941378722,4.266916407,7.903442489,10.38909755,7.680314996,6.891917071,4.1958769,4.992370719,4.77212184,4.479495793,6.614936987,5.487451609,8.739752278,5.247383984,4.667850314,4.54399786,6.061014395,5.763442358,6.510080116,8.869240036,6.09054722,8.525062543999999,6.015331085,8.383319002999999,5.665471749,5.962827002999999,6.56910997,5.31481955,4.829741285,5.147561113,5.133212967,7.827324852999999,7.999261992999999,7.2722895,6.921042572,7.268014178,6.51325473,5.497136535,6.272735827999999,4.087703489
SLC2A4,,,,,,,,,,,,,,,,,,,,,,,,,,,,,,,,,,,,,,,,,,,,,,,,,,,,,,,,,,,,,,,,,,,,,,,,,,,,,,,,,,,,,,,,,,,,,,,,,,,,,,,,,
